index,published,keyword,domain,language,valid,title,description,url,image,archive,content,quote,de,en,la,added
363441d28ae45e1ac6e118a4d7a625b6,2026-02-01T02:15:12Z,'thunderstorm lightning',economictimes.indiatimes.com,en,0.9,"Weather Today Delhi, Ghaziabad, Gurgaon, Noida: IMD issues rain and yellow alert for NCR region, check latest forecast","Weather Today: Delhi is under a yellow alert for Sunday with forecasts of rain, thunderstorms, lightning, and strong winds due to a western disturbance. Minimum temperatures dipped on Saturday, and while cloud cover may raise night temperatures on Sunday, the…",https://economictimes.indiatimes.com/news/new-updates/weather-today-delhi-ghaziabad-gurgaon-noida-imd-issues-rain-and-yellow-alert-for-ncr-region-check-latest-forecast/articleshow/127831048.cms,"https://img.etimg.com/thumb/msid-127831110,width-1200,height-630,imgsize-45348,overlay-economictimes/articleshow.jpg",http://web.archive.org/web/20260202081459/https://economictimes.indiatimes.com/news/new-updates/weather-today-delhi-ghaziabad-gurgaon-noida-imd-issues-rain-and-yellow-alert-for-ncr-region-check-latest-forecast/articleshow/127831048.cms,"Delhi will witness spells of rain on Sunday as the India Meteorological Department (IMD) issued a yellow alert for the national capital, warning of thunderstorms, lightning, strong winds and dense fo… [+4316 chars]",,"Wetter heute Delhi, Ghaziabad, Gurgaon, Noida: IMD gibt Regen- und Gelbwarnung für die NCR-Region heraus, überprüfen Sie die neueste Wettervorhersage. Wetter heute: Für Sonntag gilt in Delhi die Alarmstufe Gelb. Aufgrund einer Störung im Westen werden Regen, Gewitter, Blitze und starke Winde vorhergesagt. Die Tiefsttemperaturen sind am Samstag gesunken, und während die Wolkendecke am Sonntag die Nachttemperaturen erhöhen kann,…","Weather Today Delhi, Ghaziabad, Gurgaon, Noida: IMD issues rain and yellow alert for NCR region, check latest forecast. Weather Today: Delhi is under a yellow alert for Sunday with forecasts of rain, thunderstorms, lightning, and strong winds due to a western disturbance. Minimum temperatures dipped on Saturday, and while cloud cover may raise night temperatures on Sunday, the…","Tempestas Hodie Delhi, Ghaziabad, Gurgaon, Noida: IMD pluviam et flavum in regione NCR vigilans exit, novissimam praenuntiationem reprehendo. Tempestas Hodie: Delhi sub croceo vigilat pro die Solis cum praenotionibus pluviarum, procellis, procellis, ventis vehementibus propter commotionem occidentalem. Minimae temperaturae die Saturni tinctae sunt, et, dum nubes tegat, nox temperaturas in die Dominico suscitare potest...",2026-02-04 07:55:01+00:00
70629e532619a127e7c4d46d608d9b27,2026-02-03T04:37:11Z,'thunderstorm',economictimes.indiatimes.com,en,0.9,"Kanpur, Lucknow, Ghaziabad weather today: Uttar Pradesh to receive rainfall this week, IMD issues ‘orange’ alert for thunderstorms and hail for these UP cities","Kanpur weather: Kanpur is likely to receive rainfall on Tuesday, according to the India Meteorological Department's (IMD) latest prediction. Eastern and western Uttar Pradesh are likely to receive rainfall on February 3 and the IMD has issued an orange alert …",https://economictimes.indiatimes.com/news/new-updates/kanpur-lucknow-ghaziabad-weather-today-uttar-pradesh-to-receive-rainfall-this-week-imd-issues-orange-alert-for-thunderstorms-and-hail-for-these-up-cities/articleshow/127875906.cms,"https://img.etimg.com/thumb/msid-127876062,width-1200,height-630,imgsize-119168,overlay-economictimes/articleshow.jpg",,"Kanpur woke up to clear skies on Monday morning, though cold winds added a sharp chill to the air. Rain is likely over the next 24 hours, with cloudy conditions expected to persist through the day.On… [+3486 chars]",,"Kanpur, Lucknow, Ghaziabad Wetter heute: In Uttar Pradesh wird es diese Woche Regen geben, IMD gibt für diese UP-Städte eine „orangefarbene“ Warnung für Gewitter und Hagel aus. Wetter in Kanpur: Laut der neuesten Vorhersage des India Meteorological Department (IMD) wird es in Kanpur am Dienstag wahrscheinlich zu Regenfällen kommen. Im Osten und Westen von Uttar Pradesh wird es am 3. Februar voraussichtlich zu Regenfällen kommen, und das IMD hat eine orangefarbene Warnung herausgegeben …","Kanpur, Lucknow, Ghaziabad weather today: Uttar Pradesh to receive rainfall this week, IMD issues ‘orange’ alert for thunderstorms and hail for these UP cities. Kanpur weather: Kanpur is likely to receive rainfall on Tuesday, according to the India Meteorological Department's (IMD) latest prediction. Eastern and western Uttar Pradesh are likely to receive rainfall on February 3 and the IMD has issued an orange alert …","Kanpur, Lucknow, Ghaziabad hodie: Uttar Pradesh ad pluviam hac septimana accipiendam, IMD quaestiones 'aurei intenti pro procellis et grandine pro his urbibus UP'. Kanpur tempestas: Kanpur pluviam die Martis verisimile est, secundum Indiam Meteorologicum Dicasterii (IMD) praedictum recentissimum. Orientalis et occidentis Uttar Pradesh pluviam accipere solent die 3 Februarii et IMD aurantiorum erecti sunt ...",2026-02-04 07:55:01+00:00
b6dd63bc3337cd0188d8a67e2b541ca5,2026-02-04T06:33:50Z,'Unwetter',www.tagesschau.de,de,0.9,"Winterwetter: Unwetterwarnung, Staus und Schulausfälle","Schnee und Glätte sorgen in Teilen Deutschlands für Einschränkungen, die Polizei meldet Unfälle. Für Niedersachsen gilt eine Unwetterwarnung. In Hessen sorgte neuer Schnee teils für Chaos auf den Autobahnen.",https://www.tagesschau.de/inland/regional/winter-wetter-verkehr-schulausfaelle-100.html,https://images.tagesschau.de/image/55d0205e-c896-4789-b2bf-b46bf287c5a6/AAABnCdbcnQ/AAABmyZE0EA/16x9-big/hessen-winter-wetter-verkehr-100.jpg?width=1280,,"Stand: 04.02.2026 07:33 Uhr
Schnee und Glätte sorgen in Teilen Deutschlands für Einschränkungen, die Polizei meldet Unfälle. Für Niedersachsen gilt eine Unwetterwarnung. In Hessen sorgte neuer Schne… [+1834 chars]",,"Winterwetter: Unwetterwarnung, Staus und Schulausfälle. Schnee und Glätte sorgen in Teilen Deutschlands für Einschränkungen, die Polizei meldet Unfälle. Für Niedersachsen gilt eine Unwetterwarnung. In Hessen sorgte neuer Schnee teils für Chaos auf den Autobahnen.","Winter weather: severe weather warnings, traffic jams and school cancellations. Snow and slippery conditions are causing restrictions in parts of Germany, and the police are reporting accidents. A severe weather warning applies to Lower Saxony. In Hesse, new snow caused chaos on the highways.","Tempestas hiemalis: graves tempestates admonitiones, negotiatio impedita et schola cancellations. Nives et lubricae condiciones restrictiones in partibus Germaniae causant et accidentia vigilum nuntiant. Monitio gravis tempestatis ad Saxoniam Inferiorem applicat. In Hassia nova nix chaos in viis effecit.",2026-02-06 14:07:52+00:00
9ed4d4c4e3f744239c7b5096fa5e25c5,2026-02-04T18:31:27Z,'Unwetterwarnung',www.zeit.de,de,0.9,Winter: Unwetterwarnung vor Glatteis,Hier finden Sie Informationen zu dem Thema „Winter“. Lesen Sie jetzt „Unwetterwarnung vor Glatteis“.,https://www.zeit.de/news/2026-02/04/unwetterwarnung-vor-glatteis,https://img.zeit.de/news/2026-02/04/unwetterwarnung-vor-glatteis-image-group/wide__1300x731,http://web.archive.org/web/20260204185520/https://www.zeit.de/news/2026-02/04/unwetterwarnung-vor-glatteis,"Für Teile Brandenburgs und Berlins hat der Deutsche Wetterdienst eine amtliche Unwetterwarnung vor Glatteis herausgegeben. Die Warnung, die auch über Warnapps wie Nina verbreitet wurde, gilt für Donn… [+469 chars]",,Winter: Unwetterwarnung vor Glatteis. Hier finden Sie Informationen zu dem Thema „Winter“. Lesen Sie jetzt „Unwetterwarnung vor Glatteis“.,Winter: Storm warning for black ice. Here you will find information on the topic of “Winter”. Read “Severe weather warning for black ice” now.,"Hiems: Tempestas monitus est glacies nigra. Hic informationes invenies in argumento ""Hiemalis"". Legere ""Tempestas gravis admonitio ad glaciem nigram"" nunc.",2026-02-06 14:07:52+00:00
273c11ad06fbce1ef542df2459dc4d7d,2026-02-05T10:02:58Z,'Unwetterwarnung',www.zeit.de,de,0.9,Winter: DWD-Unwetterwarnung aufgehoben - Glätte bis abends möglich,Hier finden Sie Informationen zu dem Thema „Winter“. Lesen Sie jetzt „DWD-Unwetterwarnung aufgehoben - Glätte bis abends möglich“.,https://www.zeit.de/news/2026-02/05/dwd-unwetterwarnung-aufgehoben-glaette-bis-abends-moeglich,https://img.zeit.de/news/2026-02/05/dwd-unwetterwarnung-aufgehoben-glaette-bis-abends-moeglich-image-group/wide__1300x731,,"Die Unwetterwarnung vor Glatteis des Deutschen Wetterdiensts (DWD) für Berlin und Teile Brandenburgs ist aufgehoben. In Berlin sei das Gröbste geschafft, sagte DWD-Meteorologin Cathleen Hickmann am V… [+896 chars]",,Winter: DWD-Unwetterwarnung aufgehoben - Glätte bis abends möglich. Hier finden Sie Informationen zu dem Thema „Winter“. Lesen Sie jetzt „DWD-Unwetterwarnung aufgehoben - Glätte bis abends möglich“.,Winter: DWD severe weather warning lifted - slippery weather possible until evening. Here you will find information on the topic of “Winter”. Now read “DWD severe weather warning lifted – slippery conditions possible until evening”.,"Hiems: DWD tempestas gravissima admonitionem levavit - tempestas lubrica usque ad vesperum fieri potest. Hic informationes invenies in argumento ""Hiemalis"". Nunc lege ""DWD tempestatem gravem admonitionem levavi - condiciones lubricas usque ad vesperum fieri"".",2026-02-06 14:07:52+00:00
ff58fa58a296b5f854592660f5528a9d,2026-02-05T13:22:23Z,'Stromausfall',www.stern.de,de,0.9,Energieversorgung: Stromausfall in Stuttgart: So ist das Stromnetz aufgebaut,Nicht einmal eine Sekunde lang war der Spannungsabfall in Stuttgart – und hatte doch große Folgen. Denn der Weg von Windparks und Kraftwerken bis zur Steckdose ist komplex.,https://www.stern.de/gesellschaft/regional/baden-wuerttemberg/energieversorgung--stromausfall-in-stuttgart--so-ist-das-stromnetz-aufgebaut-37110218.html,https://image.stern.de/37110220/t/Xd/v1/w1440/r1.7778/-/05--yspyynb2qov6axs2048jpeg---923c6a01cfb3b2d7.jpg,http://web.archive.org/web/20260205133627/https://www.stern.de/gesellschaft/regional/baden-wuerttemberg/energieversorgung--stromausfall-in-stuttgart--so-ist-das-stromnetz-aufgebaut-37110218.html,"Kopiere den aktuellen Link
Zur Merkliste hinzufügen
Nicht einmal eine Sekunde lang war der Spannungsabfall in Stuttgart und hatte doch große Folgen. Denn der Weg von Windparks und Kraftwerken bis z… [+3715 chars]",,Energieversorgung: Stromausfall in Stuttgart: So ist das Stromnetz aufgebaut. Nicht einmal eine Sekunde lang war der Spannungsabfall in Stuttgart – und hatte doch große Folgen. Denn der Weg von Windparks und Kraftwerken bis zur Steckdose ist komplex.,Energy supply: Power outage in Stuttgart: This is how the power grid is structured. The voltage drop in Stuttgart lasted less than a second - and yet it had major consequences. The path from wind farms and power plants to the power socket is complex.,Energy copia: Virtus eu in Stuttgart: Haec est quomodo potentia eget structa est. Voltatio gutta in Stuttgart minus quam secunda duravit - et tamen maiores consecutiones habuit. Via a vento rura et viribus herbarum ad virtutem nervum est multiplex.,2026-02-08 13:53:59+00:00
a4ca0a39970278e44f36d7fe3d6f5db6,2026-02-05T13:22:23Z,'Stromausfall',www.zeit.de,de,0.9,Energieversorgung: Stromausfall in Stuttgart: So ist das Stromnetz aufgebaut,Hier finden Sie Informationen zu dem Thema „Energieversorgung“. Lesen Sie jetzt „Stromausfall in Stuttgart: So ist das Stromnetz aufgebaut“.,https://www.zeit.de/news/2026-02/05/stromausfall-in-stuttgart-so-ist-das-stromnetz-aufgebaut,https://img.zeit.de/news/2026-02/05/stromausfall-in-stuttgart-so-ist-das-stromnetz-aufgebaut-image-group/wide__1300x731,http://web.archive.org/web/20260205133711/https://www.zeit.de/news/2026-02/05/stromausfall-in-stuttgart-so-ist-das-stromnetz-aufgebaut,"Kurzes Flackern, große Wirkung: Ein Spannungsabfall im Hochspannungsbereich hat in Stuttgart für einen Stromausfall gesorgt. Für viele Menschen in der Stadt hatte das spürbare Folgen, auch Mobilfunkn… [+3529 chars]",,Energieversorgung: Stromausfall in Stuttgart: So ist das Stromnetz aufgebaut. Hier finden Sie Informationen zu dem Thema „Energieversorgung“. Lesen Sie jetzt „Stromausfall in Stuttgart: So ist das Stromnetz aufgebaut“.,Energy supply: Power outage in Stuttgart: This is how the power grid is structured. Here you will find information on the topic of “energy supply”. Now read “Power outage in Stuttgart: This is how the power grid is structured”.,"Energy copia: Virtus eu in Stuttgart: Haec est quomodo potentia eget structa est. Hic informationes invenies in argumento ""energiae copia"". Nunc lege ""Potestas eu in Stuttgart"": Sic constituitur potestas malesuada euismod.",2026-02-08 13:53:59+00:00
91ef8cf3deba53805ed4d6944d04e05e,2026-02-05T13:40:00Z,'Stromausfall',www.focus.de,de,0.9,Schaltfehler eines Mitarbeiters führte zu großem Stromausfall in Stuttgart,"Im Stadtgebiet von Stuttgart kam es am Donnerstag zu einem größeren Stromausfall. Wie die Polizei mitteilte, sind auch Ampeln ausgefallen. Nun hat sich der Netzbetreiber zur Ursache geäußert. Der Fehler lag wohl bei einem Mitarbeiter.",https://www.focus.de/panorama/welt/schaltfehler-eines-mitarbeiters-fuehrte-zu-grossem-stromausfall-in-stuttgart_e18d3922-b244-4b53-8414-00c6dc6e9b81.html,https://quadro.burda-forward.de/ctf/388d5033-dfc9-42a3-8631-f3ee660bad68.8d5856d3-6041-4ce7-bb15-59b7bc51e9e6.jpeg?im=RegionOfInterestCrop%3D%281200%2C630%29%2CregionOfInterest%3D%281100%2C902%29&hash=bf7d6e0a35754768ffd09bac349fc1f96281cb4f4a29c4076e243f4e31b9f9ae,http://web.archive.org/web/20260206055039/https://www.focus.de/panorama/welt/schaltfehler-eines-mitarbeiters-fuehrte-zu-grossem-stromausfall-in-stuttgart_e18d3922-b244-4b53-8414-00c6dc6e9b81.html,"Die Polizei verschickte am Vormittag eine ""Eilmeldung"" via X. Mehrere Ampeln, auch an großen Kreuzungen, waren ausgefallen. Streifenbesatzungen wurden losgeschickt, um den Verkehr zu regeln. 
Am spä… [+1411 chars]",,"Schaltfehler eines Mitarbeiters führte zu großem Stromausfall in Stuttgart. Im Stadtgebiet von Stuttgart kam es am Donnerstag zu einem größeren Stromausfall. Wie die Polizei mitteilte, sind auch Ampeln ausgefallen. Nun hat sich der Netzbetreiber zur Ursache geäußert. Der Fehler lag wohl bei einem Mitarbeiter.","A switching error by an employee led to a major power outage in Stuttgart. There was a major power outage in the urban area of ​​Stuttgart on Thursday. According to the police, traffic lights were also out. Now the network operator has commented on the cause. The mistake was probably made by an employee.","Commutatio error ab operario ad euum maiorem vim in Stuttgart ducitur. Pluris elata est potestas in area urbana Stuttgart die Iovis. Iuxta magistratus, negotiationis luminaria etiam sunt. Nunc auctor ipsum causam commentati sunt. Error est probabiliter ab operario.",2026-02-08 13:53:59+00:00
03982ebbec03f7add6126811926afc8d,2026-02-05T13:58:55Z,'Stromausfall',www.zeit.de,de,0.9,Internet und Mobilfunk weg: Schaltfehler löst größeren Stromausfall in Stuttgart aus,Hier finden Sie Informationen zu dem Thema „Internet und Mobilfunk weg“. Lesen Sie jetzt „Schaltfehler löst größeren Stromausfall in Stuttgart aus“.,https://www.zeit.de/news/2026-02/05/spannungsabfall-loest-groesseren-stromausfall-in-stuttgart-aus,https://img.zeit.de/news/2026-02/05/spannungsabfall-loest-groesseren-stromausfall-in-stuttgart-aus-image-group/wide__1300x731,http://web.archive.org/web/20260205132400/https://www.zeit.de/news/2026-02/05/spannungsabfall-loest-groesseren-stromausfall-in-stuttgart-aus,Ein kurzer Spannungsabfall im Stromnetz hat in Stuttgart zu einem größeren Stromausfall geführt. Nach Angaben des Netzbetreibers Netze Stuttgart dauerte der Spannungsabfall im Hochspannungsbereich ge… [+2042 chars],,Internet und Mobilfunk weg: Schaltfehler löst größeren Stromausfall in Stuttgart aus. Hier finden Sie Informationen zu dem Thema „Internet und Mobilfunk weg“. Lesen Sie jetzt „Schaltfehler löst größeren Stromausfall in Stuttgart aus“.,Internet and mobile communications gone: Switching error triggers major power outage in Stuttgart. Here you will find information on the topic “Internet and mobile communications gone”. Now read “Switching error triggers major power outage in Stuttgart”.,"Interreti et communicationes mobiles abierunt: Commutatio erroris trigger vim maiorem eu in Stuttgart. Hic informationes invenies in themate ""Internet et communicationes mobiles periere"". Nunc legitur ""Switching error triggers major potentia eu in Stuttgart"".",2026-02-08 13:53:59+00:00
013f97a0fe9de87358b4d346a5acc35f,2026-02-05T13:58:55Z,'Stromausfall',www.stern.de,de,0.9,Internet und Mobilfunk weg: Schaltfehler löst größeren Stromausfall in Stuttgart aus,In der Landeshauptstadt von Baden-Württemberg kommt das Stromnetz am Morgen für nicht einmal eine Sekunde aus dem Takt. Für die Menschen in der Stadt hat das aber dennoch große Folgen.,https://www.stern.de/panorama/internet-und-mobilfunk-weg--schaltfehler-loest-groesseren-stromausfall-in-stuttgart-aus-37110114.html,https://image.stern.de/37110432/t/Tt/v1/w1440/r1.7778/-/05--rjxmkb7t3cv3axs2048jpeg---4ca1b9f0b5b85ab0.jpg,http://web.archive.org/web/20260205151712/https://www.stern.de/panorama/internet-und-mobilfunk-weg--schaltfehler-loest-groesseren-stromausfall-in-stuttgart-aus-37110114.html,"Kopiere den aktuellen Link
Zur Merkliste hinzufügen
In der Landeshauptstadt von Baden-Württemberg kommt das Stromnetz am Morgen für nicht einmal eine Sekunde aus dem Takt. Für die Menschen in der S… [+2242 chars]",,Internet und Mobilfunk weg: Schaltfehler löst größeren Stromausfall in Stuttgart aus. In der Landeshauptstadt von Baden-Württemberg kommt das Stromnetz am Morgen für nicht einmal eine Sekunde aus dem Takt. Für die Menschen in der Stadt hat das aber dennoch große Folgen.,"Internet and mobile communications gone: Switching error triggers major power outage in Stuttgart. In the state capital of Baden-Württemberg, the power grid is out of sync for less than a second in the morning. However, this still has major consequences for the people in the city.","Interreti et communicationes mobiles abierunt: Commutatio erroris trigger vim maiorem eu in Stuttgart. In statu capitali Baden-Württemberg, potestas electronica e sync minus quam in altero mane est. Sed haec adhuc maiora consectaria pro hominibus in urbe habet.",2026-02-08 13:53:59+00:00
41921faf5b8b2dd2f3940945979fa8a0,2026-02-05T14:30:51Z,'Stromausfall',www.zeit.de,de,0.9,Stromausfall: Strom-Panne legt E-Auto-Ladesäulen in Stuttgart lahm,Hier finden Sie Informationen zu dem Thema „Stromausfall“. Lesen Sie jetzt „Strom-Panne legt E-Auto-Ladesäulen in Stuttgart lahm“.,https://www.zeit.de/news/2026-02/05/strom-panne-legt-e-auto-ladesaeulen-in-stuttgart-lahm,https://img.zeit.de/news/2026-02/05/strom-panne-legt-e-auto-ladesaeulen-in-stuttgart-lahm-image-group/wide__1300x731,http://web.archive.org/web/20260205145400/https://www.zeit.de/news/2026-02/05/strom-panne-legt-e-auto-ladesaeulen-in-stuttgart-lahm,Von dem kurzen Spannungsabfall im Stuttgarter Stromnetz sind auch Teile der Ladeinfrastruktur für Elektroautos in Mitleidenschaft gezogen worden. Dies teilten die Stadtwerke Stuttgart (SWS) mit. Betr… [+500 chars],,Stromausfall: Strom-Panne legt E-Auto-Ladesäulen in Stuttgart lahm. Hier finden Sie Informationen zu dem Thema „Stromausfall“. Lesen Sie jetzt „Strom-Panne legt E-Auto-Ladesäulen in Stuttgart lahm“.,Power outage: Power breakdown paralyzes electric car charging stations in Stuttgart. Here you will find information on the topic of “power outages”. Now read “Electricity breakdown paralyzes e-car charging stations in Stuttgart”.,"Potentia outage: Potentia naufragii torpescit autocinetorum electricorum stationes in Stuttgart. Hic informationes invenies in argumento ""potentiae outages"". Nunc legitur ""Electricitas naufragii ad stationes in Stuttgart in autocineto torpescit"".",2026-02-08 13:53:59+00:00
2482603d0fdce3bda24f351c92ba6ec6,2026-02-05T14:30:51Z,'Stromausfall',www.stern.de,de,0.9,Stromausfall: Strom-Panne legt E-Auto-Ladesäulen in Stuttgart lahm,Ein Schaltfehler im Umspannwerk sorgt für einen kurzen Stromausfall – und legt Hunderte E-Auto-Ladesäulen in Stuttgart lahm. Welche Standorte betroffen sind.,https://www.stern.de/gesellschaft/regional/baden-wuerttemberg/stromausfall--strom-panne-legt-e-auto-ladesaeulen-in-stuttgart-lahm-37110584.html,https://image.stern.de/37110586/t/xc/v1/w1440/r1.7778/-/05--2zloedzb4yv1axs2048jpeg---d7492b3883979e05.jpg,http://web.archive.org/web/20260205145349/https://www.stern.de/gesellschaft/regional/baden-wuerttemberg/stromausfall--strom-panne-legt-e-auto-ladesaeulen-in-stuttgart-lahm-37110584.html,"Kopiere den aktuellen Link
Zur Merkliste hinzufügen
Ein Schaltfehler im Umspannwerk sorgt für einen kurzen Stromausfall und legt Hunderte E-Auto-Ladesäulen in Stuttgart lahm. Welche Standorte betro… [+671 chars]",,Stromausfall: Strom-Panne legt E-Auto-Ladesäulen in Stuttgart lahm. Ein Schaltfehler im Umspannwerk sorgt für einen kurzen Stromausfall – und legt Hunderte E-Auto-Ladesäulen in Stuttgart lahm. Welche Standorte betroffen sind.,Power outage: Power breakdown paralyzes electric car charging stations in Stuttgart. A switching error in the substation causes a brief power outage - and paralyzes hundreds of electric car charging stations in Stuttgart. Which locations are affected.,Potentia outage: Potentia naufragii torpescit autocinetorum electricorum stationes in Stuttgart. Commutatio error in substationis causat brevem vim outage - et centena electrici currus electrici in Stuttgart incurrentes impediunt. Quibus locis afficiuntur.,2026-02-08 13:53:59+00:00
f32b4dbcda1a4146aef47f57f9f4310f,2026-02-05T15:10:02Z,'Stromausfall',www.golem.de,de,0.9,Bundesverband der Solarwirtschaft: Photovoltaik kann bei Stromausfall helfen,"Der Bundesverband der Solarwirtschaft erklärt, welche Voraussetzungen Solaranlagen als Notstromversorgung haben müssen. (Solarenergie, Umweltschutz)",https://www.golem.de/sonstiges/zustimmung/auswahl.html?from=https://www.golem.de/news/bundesverband-der-solarwirtschaft-photovoltaik-kann-bei-stromausfall-helfen-2602-205061.html&referer=https://t.co/846792a7c1,,,"Besuchen Sie Golem.de wie gewohnt mit Werbung und Tracking,
 indem Sie der Nutzung aller Cookies zustimmen.
 Details zum Tracking finden Sie im Privacy Center.
Skript wurde nicht geladen. Informat… [+607 chars]",,"Bundesverband der Solarwirtschaft: Photovoltaik kann bei Stromausfall helfen. Der Bundesverband der Solarwirtschaft erklärt, welche Voraussetzungen Solaranlagen als Notstromversorgung haben müssen. (Solarenergie, Umweltschutz)","Federal Association of the Solar Industry: Photovoltaics can help in the event of a power outage. The Federal Association of the Solar Industry explains what requirements solar systems must have as an emergency power supply. (solar energy, environmental protection)","Consociatio Foederalis Industry Solaris: Photovoltaici adiuvare possunt in eventu eu potentiae. Consociatio Foederalis Industry Solaris declarat quae postulationes systematis solaris subitis potentiae copiae habere debent. (Vir solaris, tutelae environmental)",2026-02-08 13:53:59+00:00
0a5d357d383eaa88d3e4e965ca1f624e,2026-02-05T15:22:31Z,'Stromausfall',www.stern.de,de,0.9,"Internet und Telefon weg: Kleiner Fehler, große Folgen – Stromausfall in Stuttgart","Auch wenn das Stromnetz in Stuttgart nicht einmal eine Sekunde aus dem Takt kommt, geht nach einem Schaltfehler eines Mitarbeiters vieles nicht mehr. Muss sich der Mann jetzt Sorgen machen?",https://www.stern.de/gesellschaft/regional/baden-wuerttemberg/internet-und-telefon-weg--kleiner-fehler--grosse-folgen---stromausfall-in-stuttgart-37110046.html,https://image.stern.de/37110938/t/9c/v1/w1440/r1.7778/-/05--qx2ksyjk7yv3axs2048jpeg---3a28c304252a7b82.jpg,,"Kopiere den aktuellen Link
Zur Merkliste hinzufügen
Auch wenn das Stromnetz in Stuttgart nicht einmal eine Sekunde aus dem Takt kommt, geht nach einem Schaltfehler eines Mitarbeiters vieles nicht m… [+4082 chars]",,"Internet und Telefon weg: Kleiner Fehler, große Folgen – Stromausfall in Stuttgart. Auch wenn das Stromnetz in Stuttgart nicht einmal eine Sekunde aus dem Takt kommt, geht nach einem Schaltfehler eines Mitarbeiters vieles nicht mehr. Muss sich der Mann jetzt Sorgen machen?","Internet and telephone gone: Small mistake, big consequences – power outage in Stuttgart. Even if the power grid in Stuttgart doesn't go out of sync for even a second, many things no longer work after an employee makes a switching error. Does the man have to worry now?","Interrete et telephonia abierunt: Parvus error, magnae consequentiae - potentia eu in Stuttgart. Etiamsi potestas euismod in Stuttgart non egreditur sync ad alterum, multa non iam operantur postquam operarius errorem mutandi facit. Habetne homo nunc solliciti?",2026-02-08 13:53:59+00:00
4c0e12ac34b6a2c3d0fe1fde278dfc79,2026-02-05T15:25:01Z,'Stromausfall',www.golem.de,de,0.9,Stromausfall in Stuttgart: Ursache war Schaltfehler bei Arbeiten an Umspannwerk,"Der Netzbetreiber in Stuttgart schließt eine Fremdeinwirkung aus und teilt die genaue Ursache für den Stromausfall mit. (Energie, Industrieanlage)",https://www.golem.de/sonstiges/zustimmung/auswahl.html?from=https://www.golem.de/news/stromausfall-in-stuttgart-ursache-war-schaltfehler-bei-arbeiten-an-umspannwerk-2602-205063.html&referer=https://t.co/28f3d7e0b0,,,"Besuchen Sie Golem.de wie gewohnt mit Werbung und Tracking,
 indem Sie der Nutzung aller Cookies zustimmen.
 Details zum Tracking finden Sie im Privacy Center.
Skript wurde nicht geladen. Informat… [+607 chars]",,"Stromausfall in Stuttgart: Ursache war Schaltfehler bei Arbeiten an Umspannwerk. Der Netzbetreiber in Stuttgart schließt eine Fremdeinwirkung aus und teilt die genaue Ursache für den Stromausfall mit. (Energie, Industrieanlage)","Power outage in Stuttgart: The cause was a switching error during work on the substation. The network operator in Stuttgart rules out any external influence and announces the exact cause of the power outage. (Energy, industrial plant)","Potentia outage in Stuttgart: Causa erat mutandi erroris in opere de substation. Operator retis in Stuttgart omnem influxum externum excludit et exactam causam potestatis eulogium denuntiat. (Energy, planta industrialis)",2026-02-08 13:53:59+00:00
2cea45e05fb43e523c3e998a4a59443d,2026-02-05T17:03:00Z,'Stromausfall',www.focus.de,de,0.9,"Hochwasser, Stromausfall, Notfälle: Schüler trainieren den möglichen Ernstfall","Schüler in Winnenden lernen in der AG ""Be Prepared"", wie sie sich auf Krisensituationen vorbereiten. Vom Notfallrucksack bis zur Vorratshaltung trainieren sie praktische Fähigkeiten für den Ernstfall.",https://www.focus.de/panorama/hochwasser-stromausfall-notfaelle-schueler-trainieren-den-moeglichen-ernstfall_2f9946cc-3292-438a-b2fe-19855fe93ff0.html,https://quadro.burda-forward.de/ctf/0180ad52-0162-4a8e-9aa4-62b71b481354.4d964b70-58ab-44ef-a257-55825dada4f3.jpeg?im=RegionOfInterestCrop%3D%281200%2C630%29%2CregionOfInterest%3D%28320%2C180%29&hash=5f9f295accf5310341b6efbf6f0e172bb4a5feaf1ee8d4072eb3612ffb3cffc2,http://web.archive.org/web/20260205173953/https://www.focus.de/panorama/hochwasser-stromausfall-notfaelle-schueler-trainieren-den-moeglichen-ernstfall_2f9946cc-3292-438a-b2fe-19855fe93ff0.html,"Schülerinnen und Schüler der achten bis zwölften Klasse lernen am Georg-Büchner-Gymnasium in Winnenden, wie sie sich auf Krisensituationen vorbereiten können. Die AG Be Prepared wird von Florian Hamb… [+1704 chars]",,"Hochwasser, Stromausfall, Notfälle: Schüler trainieren den möglichen Ernstfall. Schüler in Winnenden lernen in der AG ""Be Prepared"", wie sie sich auf Krisensituationen vorbereiten. Vom Notfallrucksack bis zur Vorratshaltung trainieren sie praktische Fähigkeiten für den Ernstfall.","Floods, power outages, emergencies: students train for possible emergencies. In the “Be Prepared” group, students in Winnenden learn how to prepare for crisis situations. From emergency backpacks to stockpiling supplies, they train practical skills for emergencies.","Inundationes, potentiae outages, casus: alumni erudiunt ad casus possibiles. In coetus ""Paratus"", alumni in Winnenden discunt condiciones discriminis parare. Ex subitis dorsualibus ad commeatus colligendos, artes practicas ad casus exercent.",2026-02-08 13:53:59+00:00
b1571d65c8db22c640abfb2e969f7b95,2026-02-06T06:29:59Z,'Stromausfall',www.morgenpost.de,de,0.9,Teile Berlins ohne Strom – Wann die Störung behoben sein soll,Teile von Friedrichshain und Prenzlauer Berg sind am Morgen von einem Stromausfall betroffen. Vor Ort laufen bereits die Arbeiten.,https://www.morgenpost.de/berlin/article411129219/teile-berlins-ohne-strom-wann-die-stoerung-behoben-sein-soll.html,https://img.sparknews.funkemedien.de/410719620/410719620_1765867564_v16_9_1600.jpeg,http://web.archive.org/web/20260206084426/https://www.morgenpost.de/berlin/article411129219/teile-berlins-ohne-strom-wann-die-stoerung-behoben-sein-soll.html,"In Teilen von Friedrichshain und Prenzlauer Berg ist es am Morgen zu einem Stromausfall gekommen. Betroffen sind unter anderem Bereiche entlang der Greifswalder Straße, der Landsberger Allee, der Pet… [+536 chars]",,Teile Berlins ohne Strom – Wann die Störung behoben sein soll. Teile von Friedrichshain und Prenzlauer Berg sind am Morgen von einem Stromausfall betroffen. Vor Ort laufen bereits die Arbeiten.,Parts of Berlin without electricity – when the disruption should be resolved. Parts of Friedrichshain and Prenzlauer Berg are affected by a power outage this morning. Work is already underway on site.,Partes Berolinensis sine electricitate – cum distractione resolvi debent. Partes Friedrichshain et Prenzlauer Berg potestate autocinetica hac mane afficiuntur. Opus iam est citatus in situ.,2026-02-08 13:53:59+00:00
e859c8352efb3a8bc79d6ce8d1a362f3,2026-02-06T06:50:45Z,'Stromausfall',www.stern.de,de,0.9,Friedrichshain: Stromausfall im Nordosten Berlins: 2.200 Haushalte betroffen,"Berlin (bb) - Im Berliner Nordosten hat es am Morgen einen Stromausfall gegeben. «Wir haben aktuell eine Störung in Friedrichshain und Prenzlauer Berg»,",https://www.stern.de/gesellschaft/regional/berlin-brandenburg/friedrichshain--stromausfall-im-nordosten-berlins--2-200-haushalte-betroffen-37112214.html,https://image.stern.de/37112216/t/hF/v1/w1440/r1.7778/-/06--4hggr3z5ggv5axs2048jpeg---bd4f31ffca27e932.jpg,,"Kopiere den aktuellen Link
Zur Merkliste hinzufügen
Das Problem soll laut Betreiber schnell behoben werden. Ab wann es wieder Strom geben soll.
Im Berliner Nordosten hat es am Morgen einen Stromau… [+634 chars]",,"Friedrichshain: Stromausfall im Nordosten Berlins: 2.200 Haushalte betroffen. Berlin (bb) - Im Berliner Nordosten hat es am Morgen einen Stromausfall gegeben. «Wir haben aktuell eine Störung in Friedrichshain und Prenzlauer Berg»,","Friedrichshain: Power outage in northeast Berlin: 2,200 households affected. Berlin (bb) - There was a power outage in Berlin's northeast this morning. “We currently have a disruption in Friedrichshain and Prenzlauer Berg,”","Friedrichshain: Potentia outage in Berolinensi septentrionali: 2,200 familiae affectae sunt. Berlin (bb) - Outage in potentia fuit hoc mane Berolini septentrionalis. ""Nos aute perturbatio in Friedrichshain et Prenzlauer Berg"" habemus""",2026-02-08 13:53:59+00:00
242f871cf759776106627ce1baa0859a,2026-02-06T06:50:45Z,'Stromausfall',www.zeit.de,de,0.9,Friedrichshain: Stromausfall im Nordosten Berlins: 2.200 Haushalte betroffen,Hier finden Sie Informationen zu dem Thema „Friedrichshain“. Lesen Sie jetzt „Stromausfall im Nordosten Berlins: 2.200 Haushalte betroffen“.,https://www.zeit.de/news/2026-02/06/stromausfall-im-nordosten-berlins-2-200-haushalte-betroffen,https://img.zeit.de/news/2026-02/06/stromausfall-im-nordosten-berlins-2-200-haushalte-betroffen-image-group/wide__1300x731,,"Im Berliner Nordosten hat es am Morgen einen Stromausfall gegeben. «Wir haben aktuell eine Störung in Friedrichshain und Prenzlauer Berg», sagte ein Sprecher vom Betreiber Stromnetz Berlin. Rund 2.20… [+527 chars]",,Friedrichshain: Stromausfall im Nordosten Berlins: 2.200 Haushalte betroffen. Hier finden Sie Informationen zu dem Thema „Friedrichshain“. Lesen Sie jetzt „Stromausfall im Nordosten Berlins: 2.200 Haushalte betroffen“.,"Friedrichshain: Power outage in northeast Berlin: 2,200 households affected. Here you will find information on the topic of “Friedrichshain”. Now read “Power outage in northeast Berlin: 2,200 households affected”.","Friedrichshain: Potentia outage in Berolinensi septentrionali: 2,200 familiae affectae sunt. Hic informationes invenies in argumento ""Friedrichshain"". Nunc legitur ""Potestas eu in Berolinensi septentrionali: 2,200 domus affectae"".",2026-02-08 13:53:59+00:00
4c8e736278bd3b6ea59298994611c45b,2026-02-06T06:52:14Z,'Stromausfall',www.tagesspiegel.de,de,0.9,Stromausfall im Nordosten Berlins: 2200 Haushalte in Friedrichshain und Prenzlauer Berg betroffen,Zahlreiche Menschen im Berliner Nordosten haben am Freitagmorgen keinen Strom. Der Betreiber Stromnetz Berlin will das Problem schnell beheben.,https://www.tagesspiegel.de/berlin/stromausfall-im-nordosten-berlins-2200-haushalte-in-friedrichshain-und-prenzlauer-berg-betroffen-15225323.html,https://www.tagesspiegel.de/images/15225322/alternates/BASE_16_9_W1400/1770360734000/stromausfall.jpeg,,"Im Berliner Nordosten hat es am Morgen einen Stromausfall gegeben. Wir haben aktuell eine Störung in Friedrichshain und Prenzlauer Berg, sagte ein Sprecher vom Betreiber Stromnetz Berlin. Rund 2200 H… [+812 chars]",,Stromausfall im Nordosten Berlins: 2200 Haushalte in Friedrichshain und Prenzlauer Berg betroffen. Zahlreiche Menschen im Berliner Nordosten haben am Freitagmorgen keinen Strom. Der Betreiber Stromnetz Berlin will das Problem schnell beheben.,"Power outage in northeast Berlin: 2,200 households in Friedrichshain and Prenzlauer Berg affected. Numerous people in northeast Berlin had no electricity on Friday morning. The operator Stromnetz Berlin wants to fix the problem quickly.",Potentia outage in Berolinensi septentrionali: 2.200 familiae in Friedrichshain et Prenzlauer Berg afficiuntur. Plurimi homines in Berolinensi septentrionali die Veneris mane electricitatem nullam habuerunt. Auctor Stromnetz Berolinensis quaestionem cito figere vult.,2026-02-08 13:53:59+00:00
25f619b37df11484baab868e5e1ac561,2026-02-06T06:52:14Z,'Stromausfall',www.tagesspiegel.de,de,0.9,Friedrichshain: Stromausfall im Nordosten Berlins: 2.200 Haushalte betroffen,Das Problem soll laut Betreiber schnell behoben werden. Ab wann es wieder Strom geben soll.,https://www.tagesspiegel.de/berlin/friedrichshain-stromausfall-im-nordosten-berlins-2200-haushalte-betroffen-15225323.html,https://www.tagesspiegel.de/images/15225322/alternates/BASE_16_9_W1400/1770360734000/stromausfall.jpeg,,"Im Berliner Nordosten hat es am Morgen einen Stromausfall gegeben. Wir haben aktuell eine Störung in Friedrichshain und Prenzlauer Berg, sagte ein Sprecher vom Betreiber Stromnetz Berlin. Rund 2.200 … [+579 chars]",,Friedrichshain: Stromausfall im Nordosten Berlins: 2.200 Haushalte betroffen. Das Problem soll laut Betreiber schnell behoben werden. Ab wann es wieder Strom geben soll.,"Friedrichshain: Power outage in northeast Berlin: 2,200 households affected. According to the operator, the problem should be resolved quickly. When will there be electricity again?","Friedrichshain: Potentia outage in Berolinensi septentrionali: 2,200 familiae affectae sunt. Secundum auctor, quaestio cito solvenda est. Quando electricity iterum erit?",2026-02-08 13:53:59+00:00
141341dc7b0cf0f2264a0eaaceef7f8a,2026-02-06T06:52:14Z,'Stromausfall',www.tagesspiegel.de,de,0.9,2200 Haushalte waren betroffen: Stromausfall in Friedrichshain und Prenzlauer Berg behoben,"Kein Licht, die Kaffeemaschine aus: In Teilen von Friedrichshain und Prenzlauer Berg fiel am Morgen der Strom aus. Für die meisten Haushalte ist das Problem nach weniger als zwei Stunden behoben.",https://www.tagesspiegel.de/berlin/2200-haushalte-waren-betroffen-stromausfall-in-friedrichshain-und-prenzlauer-berg-behoben-15225323.html,https://www.tagesspiegel.de/images/15225322/alternates/BASE_16_9_W1400/1770360734000/stromausfall.jpeg,http://web.archive.org/web/20260207104051/https://www.tagesspiegel.de/berlin/2200-haushalte-waren-betroffen-stromausfall-in-friedrichshain-und-prenzlauer-berg-behoben-15225323.html,Im Berliner Nordosten hat es am Morgen einen Stromausfall gegeben. Davon betroffen waren nach Angaben des Betreibers Stromnetz Berlin rund 2200 Haushalte und 135 Gewerbekunden. Nach weniger als zwei … [+942 chars],,"2200 Haushalte waren betroffen: Stromausfall in Friedrichshain und Prenzlauer Berg behoben. Kein Licht, die Kaffeemaschine aus: In Teilen von Friedrichshain und Prenzlauer Berg fiel am Morgen der Strom aus. Für die meisten Haushalte ist das Problem nach weniger als zwei Stunden behoben.","2200 households were affected: power outage in Friedrichshain and Prenzlauer Berg resolved. No light, the coffee machine off: the power went out in parts of Friedrichshain and Prenzlauer Berg in the morning. For most households, the problem is resolved in less than two hours.","2200 familiares affecti sunt: ​​potestatem euum in Friedrichshain et Prenzlauer Berg se contulit. Nulla lux, apparatus capulus off: potestas in partibus Friedrichshain et Prenzlauer Berg mane exivit. Pro plerisque familiis, quaestio minus quam duabus horis resolvitur.",2026-02-08 13:53:59+00:00
f086e927470285ef06fdd094b42a0e34,2026-02-06T06:54:00Z,'Stromausfall',www.focus.de,de,0.9,Stromausfall im Nordosten Berlins: 2.200 Haushalte betroffen,Das Problem soll laut Betreiber schnell behoben werden. Ab wann es wieder Strom geben soll.,https://www.focus.de/panorama/welt/stromausfall-im-nordosten-berlins-2-200-haushalte-betroffen_5e5e3eb6-cdca-4ec3-891e-19042e0054dc.html,https://quadro.burda-forward.de/ctf/27528c06-096b-4520-9a0c-39339b96b94c.e056f26a-7728-43d2-8cb4-3fbbee153ed3.png?im=RegionOfInterestCrop%3D%281200%2C630%29%2CregionOfInterest%3D%28729%2C622%29&hash=79fb4a9e8a99132b845dfa1d15381f800f25058ee27e0109eba2c61a6bf3394b,http://web.archive.org/web/20260207214915/https://www.focus.de/panorama/welt/stromausfall-im-nordosten-berlins-2-200-haushalte-betroffen_5e5e3eb6-cdca-4ec3-891e-19042e0054dc.html,"Im Berliner Nordosten hat es am Morgen einen Stromausfall gegeben. Wir haben aktuell eine Störung in Friedrichshain und Prenzlauer Berg, sagte ein Sprecher vom Betreiber Stromnetz Berlin. Rund 2.200 … [+491 chars]",,Stromausfall im Nordosten Berlins: 2.200 Haushalte betroffen. Das Problem soll laut Betreiber schnell behoben werden. Ab wann es wieder Strom geben soll.,"Power outage in northeast Berlin: 2,200 households affected. According to the operator, the problem should be resolved quickly. When will there be electricity again?","Potentia outage in Berolinensi septentrionali: 2,200 familiae affectae sunt. Secundum auctor, quaestio cito solvenda est. Quando electricity iterum erit?",2026-02-08 13:53:59+00:00
255d39c4a126ea195faad36cadb6fa83,2026-02-06T07:09:24Z,'Stromausfall',www.tagesspiegel.de,de,0.9,Stromausfall in Teltow: Rund 5000 Menschen betroffen,"In zahlreichen Teltower Häusern und Wohnungen wurde es am Donnerstagabend dunkel, der Strom fiel aus. Wenige Stunden später war die Störung vielerorts wieder behoben.",https://www.tagesspiegel.de/potsdam/brandenburg/stromausfall-in-teltow-rund-5000-menschen-betroffen-15225354.html,https://www.tagesspiegel.de/images/8686324/alternates/BASE_16_9_W1400/1664206181000/kein-fall-fur-den-notruf-was-beim-stromausfall-zu-tun-ist.jpeg,http://web.archive.org/web/20260207021718/https://www.tagesspiegel.de/potsdam/brandenburg/stromausfall-in-teltow-rund-5000-menschen-betroffen-15225354.html,Tausende Menschen sind am Donnerstagabend in Teltow (Potsdam-Mittelmark) vorübergehend ohne Strom gewesen. Nach Auskunft von Störungsauskunft.de waren mindestens 5000 Einwohner betroffen. In der südl… [+729 chars],,"Stromausfall in Teltow: Rund 5000 Menschen betroffen. In zahlreichen Teltower Häusern und Wohnungen wurde es am Donnerstagabend dunkel, der Strom fiel aus. Wenige Stunden später war die Störung vielerorts wieder behoben.","Power outage in Teltow: Around 5,000 people affected. It became dark in numerous Teltow houses and apartments on Thursday evening and the power went out. A few hours later, the disruption was resolved in many places.","Potentia eu in Teltow: Circa 5,000 homines afficiuntur. Tenebrae factae sunt in pluribus domibus Teltow et conclavia vespere Iovis et potestas exivit. Paucis horis post, multis locis perturbatio facta est.",2026-02-08 13:53:59+00:00
ece49eb397e2f0bec20fb6ac1d43e098,2026-02-06T09:53:23Z,'Stromausfall',www.tagesspiegel.de,de,0.9,Berlin / Brandenburg: Polizei: Größerer Stromausfall in Stuttgart,Polizei: Größerer Stromausfall in Stuttgart,https://www.tagesspiegel.de/berlin-brandenburg-polizei-grosserer-stromausfall-in-stuttgart-15225939.html,,http://web.archive.org/web/20260207164802/https://www.tagesspiegel.de/berlin-brandenburg-polizei-grosserer-stromausfall-in-stuttgart-15225939.html,"Im Stadtgebiet von Stuttgart gibt es einen größeren Stromausfall. Wie die Polizei mitteilte, sind auch einige Ampeln ausgefallen.
© dpa-infocom, dpa:260205-99-392605/1
Das ist eine Nachricht direkt… [+22 chars]",,Berlin / Brandenburg: Polizei: Größerer Stromausfall in Stuttgart. Polizei: Größerer Stromausfall in Stuttgart,Berlin / Brandenburg: Police: Major power outage in Stuttgart. Police: Major power outage in Stuttgart,Berlin / Brandenburg: Police: Maior potestas eu in Stuttgart. Vigilum: Maior potestas eu in Stuttgart,2026-02-08 13:53:59+00:00
a69f6c8908a9d4e403cea64eadc41023,2026-02-06T16:55:20Z,'Stromausfall',www.tagesspiegel.de,de,0.9,Nach Stromausfall an Berliner Bettina-von-Arnim-Schule: THW ermöglicht Schulstart nach Winterferien,"Wegen eines technischen Defekts fiel der Strom an der Bettina-von-Arnim-Schule im Märkischen Viertel aus. Damit der Unterricht am Montag stattfinden kann, installierte das THW ein Notstromaggregat.",https://www.tagesspiegel.de/berlin/schule/nach-stromausfall-an-berliner-bettina-von-arnim-schule-thw-ermoglicht-schulstart-nach-winterferien-15227918.html,https://www.tagesspiegel.de/images/15227924/alternates/BASE_16_9_W1400/1770396539000/2477-1.jpeg,http://web.archive.org/web/20260206175457/https://www.tagesspiegel.de/berlin/schule/nach-stromausfall-an-berliner-bettina-von-arnim-schule-thw-ermoglicht-schulstart-nach-winterferien-15227918.html,Aufgrund eines technischen Defekts kam es in der Bettina-von-Arnim-Schule im Märkischen Viertel in Reinickendorf während der Winterferien zu einem Totalstromausfall. Am Donnerstag hat das Technische … [+1399 chars],,"Nach Stromausfall an Berliner Bettina-von-Arnim-Schule: THW ermöglicht Schulstart nach Winterferien. Wegen eines technischen Defekts fiel der Strom an der Bettina-von-Arnim-Schule im Märkischen Viertel aus. Damit der Unterricht am Montag stattfinden kann, installierte das THW ein Notstromaggregat.","After a power outage at the Bettina von Arnim School in Berlin: THW enables school to start after the winter holidays. Due to a technical defect, the power went out at the Bettina von Arnim School in the Märkischesviertel. So that classes can take place on Monday, the THW installed an emergency generator.","Post emissionem potentiae in Bettina von Arnim School in Berlin: THW scholam dat incipere post dies festos hiemales. Ob defectum technici, potestas apud Bettina von Arnim Schola in Märkischesviertel processit. Ita ut classes die Lunae locum habere possunt, generator subitis THW inauguratus est.",2026-02-08 13:53:59+00:00
eea1f016aef11937d7e0700818dcb968,2026-02-07T09:02:15Z,'Stromausfall',www.bild.de,de,0.9,Massive Angriffe auf die Ukraine - Putin sorgt für Mega-Stromausfall,"Es zeigt, dass Trumps „Friedensgespräche“ gar nix bringen, denn Putin lässt massive Militärschläge gegen die Energie-Infrastruktur der Ukraine ausführen.",https://www.bild.de/politik/ausland-und-internationales/massive-angriffe-auf-die-ukraine-putin-sorgt-fuer-mega-stromausfall-6986f55a7e12c19d015ecd6f,"https://images.bild.de/6986f55a7e12c19d015ecd6f/588455cbf9cdf35cba6799d9c7d281ec,80dbcf31?w=1280",http://web.archive.org/web/20260207102425/https://www.bild.de/politik/ausland-und-internationales/massive-angriffe-auf-die-ukraine-putin-sorgt-fuer-mega-stromausfall-6986f55a7e12c19d015ecd6f,"TTS-Player überspringenArtikel weiterlesenKiew/Berlin Es zeigt, dass Trumps Friedensgespräche gar nix bringen, denn Putin lässt in diesen Tagen massive Militärschläge gegen die Energie-Infrastruktur … [+3002 chars]",,"Massive Angriffe auf die Ukraine - Putin sorgt für Mega-Stromausfall. Es zeigt, dass Trumps „Friedensgespräche“ gar nix bringen, denn Putin lässt massive Militärschläge gegen die Energie-Infrastruktur der Ukraine ausführen.","Massive attacks on Ukraine - Putin causes a mega power outage. It shows that Trump's ""peace talks"" are of no use at all, because Putin is carrying out massive military strikes against Ukraine's energy infrastructure.","Impetus ingens in Ucraina - Putin mega vim euangionis causat. Trump ""pacem colloquiorum"" ostendit omnino nullius usus esse, quod Putin ingentes militares contra industriam infrastructuram Ucrainae ferit.",2026-02-08 13:53:59+00:00
4a666bef7b0d85e9de19733986967142,2026-02-05T15:18:44Z,'Unwetterwarnung',www.tagesspiegel.de,de,0.9,Erneut Glatteisgefahr in Potsdam: Wetterdienst spricht amtliche Unwetterwarnung aus,In Potsdam und in Teilen Brandenburgs sowie in Berlin bis hinauf zur Ostseeküste kann es am Donnerstagnachmittag und Abend sehr glatt werden. Es wird gefrierender Regen erwartet.,https://www.tagesspiegel.de/potsdam/landeshauptstadt/erneut-glatteisgefahr-in-potsdam-wetterdienst-spricht-amtliche-unwetterwarnung-aus-15223764.html,https://www.tagesspiegel.de/images/15121592/alternates/BASE_16_9_W1400/1767974094000/winterwetter-potsdam.jpeg,http://web.archive.org/web/20260205183910/https://www.tagesspiegel.de/potsdam/landeshauptstadt/erneut-glatteisgefahr-in-potsdam-wetterdienst-spricht-amtliche-unwetterwarnung-aus-15223764.html,"Am Donnerstagmorgen war mit markanter Glätte gerechnet worden, jetzt warnt der Deutsche Wetterdienst für den Nachmittag und Abend vor Glatteis durch gefrierenden Regen in Potsdam und Teilen Brandenbu… [+2356 chars]",,Erneut Glatteisgefahr in Potsdam: Wetterdienst spricht amtliche Unwetterwarnung aus. In Potsdam und in Teilen Brandenburgs sowie in Berlin bis hinauf zur Ostseeküste kann es am Donnerstagnachmittag und Abend sehr glatt werden. Es wird gefrierender Regen erwartet.,Once again there is a risk of black ice in Potsdam: the weather service issues an official severe weather warning. In Potsdam and parts of Brandenburg as well as in Berlin up to the Baltic Sea coast it can be very slippery on Thursday afternoon and evening. Freezing rain is expected.,Iterum periculum est glacies nigra in Potsdam: ministerium tempestatum officialem gravibus tempestatibus denuntiat. In Potsdam et in partibus Brandenburgensibus tum in Berolinensi usque ad oram maris Baltici die Iovis post meridiem et vesperum valde lubricum esse potest. Imber glacians expectat.,2026-02-10 08:05:19+00:00
d15b4d2a6a9affde8bf31edb3863e471,2026-02-05T15:28:02Z,'Unwetterwarnung',www.zeit.de,de,0.9,Niederschlag erwartet: Unwetterwarnung vor Glätte für weite Teile von MV,Hier finden Sie Informationen zu dem Thema „Niederschlag erwartet“. Lesen Sie jetzt „Unwetterwarnung vor Glätte für weite Teile von MV“.,https://www.zeit.de/news/2026-02/05/unwetterwarnung-vor-glaette-fuer-weite-teile-von-mv,https://img.zeit.de/news/2026-02/05/unwetterwarnung-vor-glaette-fuer-weite-teile-von-mv-image-group/wide__1300x731,,"Der Deutsche Wetterdienst (DWD) warnt aktuell vor unwetterartiger Glätte in weiten Teilen Mecklenburg-Vorpommerns. «Es besteht hohe Glättegefahr durch gefrierenden Regen und Eisansatz», teilte der DW… [+416 chars]",,Niederschlag erwartet: Unwetterwarnung vor Glätte für weite Teile von MV. Hier finden Sie Informationen zu dem Thema „Niederschlag erwartet“. Lesen Sie jetzt „Unwetterwarnung vor Glätte für weite Teile von MV“.,Precipitation expected: Severe weather warning of slippery conditions for large parts of MV. Here you will find information on the topic “Precipitation expected”. Now read “Severe weather warning of slippery conditions for large parts of MV”.,"Praecipitatio expectatur: Gravis tempestas monitum condiciones lubricae pro magnis partibus MV. Hic informationes invenies in themate ""Praeceptio exspectata"". Nunc lege ""Tempestas gravis monita condiciones lubricae pro magnis MV partibus"".",2026-02-10 08:05:19+00:00
231073999764493fe796db43125c9a11,2026-02-05T15:28:02Z,'Unwetterwarnung',www.stern.de,de,0.9,Niederschlag erwartet: Unwetterwarnung vor Glätte für weite Teile von MV,"Am Nachmittag und Abend könnte es laut Meteorologen nochmals richtig glatt werden in weiten Teilen von Mecklenburg-Vorpommern. Welche Regionen sind betroffen, und wie lang gilt die Warnung?",https://www.stern.de/gesellschaft/regional/mecklenburg-vorpommern/niederschlag-erwartet--unwetterwarnung-vor-glaette-fuer-weite-teile-von-mv-37110968.html,https://image.stern.de/37110970/t/r_/v1/w1440/r1.7778/-/05--4nvsirhljzv3axs2048jpeg---f15c50e191abbc66.jpg,http://web.archive.org/web/20260205163952/https://www.stern.de/gesellschaft/regional/mecklenburg-vorpommern/niederschlag-erwartet--unwetterwarnung-vor-glaette-fuer-weite-teile-von-mv-37110968.html,"Kopiere den aktuellen Link
Zur Merkliste hinzufügen
Am Nachmittag und Abend könnte es laut Meteorologen nochmals richtig glatt werden in weiten Teilen von Mecklenburg-Vorpommern. Welche Regionen si… [+621 chars]",,"Niederschlag erwartet: Unwetterwarnung vor Glätte für weite Teile von MV. Am Nachmittag und Abend könnte es laut Meteorologen nochmals richtig glatt werden in weiten Teilen von Mecklenburg-Vorpommern. Welche Regionen sind betroffen, und wie lang gilt die Warnung?","Precipitation expected: Severe weather warning of slippery conditions for large parts of MV. According to meteorologists, it could be really slippery again in large parts of Mecklenburg-Western Pomerania in the afternoon and evening. Which regions are affected and how long is the warning valid?","Praecipitatio expectatur: Gravis tempestas monitum condiciones lubricae pro magnis partibus MV. Secundum astrologi, vere lubricum esse potuit in magnis partibus Pomeraniae Mecklenburgo-Western post meridiem et vesperum. Quae regiones afficiuntur et quam diu est valida monitio?",2026-02-10 08:05:19+00:00
07a4b8870820c76ebbd9380982608b52,2026-02-05T16:09:36Z,'Unwetter',www.tagesspiegel.de,de,0.9,Winterwetter: Glätte-Warnung für den Westen und Nordwesten Brandenburgs,Der Deutsche Wetterdienst gibt erneut eine Unwetterwarnung für einige Landkreise Brandenburgs heraus. Eisregen macht die Wege glatt.,https://www.tagesspiegel.de/berlin/winterwetter-glatte-warnung-fur-den-westen-und-nordwesten-brandenburgs-15224155.html,https://www.tagesspiegel.de/images/15224154/alternates/BASE_16_9_W1400/1770307776000/winterwetter-in-brandenburg.jpeg,,"Der Deutsche Wetterdienst (DWD) warnt aktuell vor den erhöhten Risiken durch Glatteis im Westen und Nordwesten Brandenburgs. Es besteht hohe Glättegefahr durch gefrierenden Regen und Eisansatz, so de… [+479 chars]",,Winterwetter: Glätte-Warnung für den Westen und Nordwesten Brandenburgs. Der Deutsche Wetterdienst gibt erneut eine Unwetterwarnung für einige Landkreise Brandenburgs heraus. Eisregen macht die Wege glatt.,Winter weather: Ice warning for the west and northwest of Brandenburg. The German Weather Service is again issuing a severe weather warning for some districts in Brandenburg. Freezing rain makes the paths slippery.,Hiemalis tempestas: Ice observatio ad occidentem et chorum Brandenburgensium. Ministerium Tempestatis Germanorum iterum in Brandenburgensibus gravibus tempestatibus monitum est. Imber glacians lubricas semitas facit.,2026-02-10 08:05:19+00:00
885f48fe56730d345ac42bc394e3eab4,2026-02-05T16:09:36Z,'Unwetter',www.tagesspiegel.de,de,0.9,Winterwetter: Glätte-Warnung Teile Brandenburgs - Busse stehen still,Der Deutsche Wetterdienst gibt erneut eine Unwetterwarnung für einige Landkreise Brandenburgs heraus. Eisregen macht die Wege glatt - einige Buslinien wurden eingestellt.,https://www.tagesspiegel.de/berlin/winterwetter-glatte-warnung-teile-brandenburgs-busse-stehen-still-15224155.html,https://www.tagesspiegel.de/images/15224154/alternates/BASE_16_9_W1400/1770307776000/winterwetter-in-brandenburg.jpeg,http://web.archive.org/web/20260206110950/https://www.tagesspiegel.de/berlin/winterwetter-glatte-warnung-teile-brandenburgs-busse-stehen-still-15224155.html,"Der Deutsche Wetterdienst (DWD) warnt aktuell vor den erhöhten Risiken durch Glatteis im Westen und Nordwesten Brandenburgs. Es besteht hohe Glättegefahr durch gefrierenden Regen und Eisansatz, so de… [+1092 chars]",,Winterwetter: Glätte-Warnung Teile Brandenburgs - Busse stehen still. Der Deutsche Wetterdienst gibt erneut eine Unwetterwarnung für einige Landkreise Brandenburgs heraus. Eisregen macht die Wege glatt - einige Buslinien wurden eingestellt.,Winter weather: slippery weather warning for parts of Brandenburg - buses are at a standstill. The German Weather Service is again issuing a severe weather warning for some districts in Brandenburg. Freezing rain makes the roads slippery - some bus routes have been suspended.,Tempestas hiemalis: tempestas lubrica admonitio partium Brandenburgensium - buses haesit. Ministerium Tempestatis Germanorum iterum in Brandenburgensibus gravibus tempestatibus monitum est. Imber glacians lubricas vias facit - nonnulli bus itineribus suspensi sunt.,2026-02-10 08:05:19+00:00
e235f8badaa870ef0b1d9a7c0f48484e,2026-02-05T17:26:57Z,'Unwetter',www.stern.de,de,0.9,Winterwetter: Glätte-Warnung Teile Brandenburgs - Busse stehen still,Der Deutsche Wetterdienst gibt erneut eine Unwetterwarnung für einige Landkreise Brandenburgs heraus. Eisregen macht die Wege glatt - einige Buslinien wurden eingestellt.,https://www.stern.de/gesellschaft/regional/berlin-brandenburg/winterwetter--glaette-warnung-teile-brandenburgs---busse-stehen-still-37111178.html,https://image.stern.de/37111180/t/4V/v3/w1440/r1.7778/-/05--tzm4h6azrpv8axs2048jpeg---5351b3e8246972bd.jpg,http://web.archive.org/web/20260205173946/https://www.stern.de/gesellschaft/regional/berlin-brandenburg/winterwetter--glaette-warnung-teile-brandenburgs---busse-stehen-still-37111178.html,"Kopiere den aktuellen Link
Zur Merkliste hinzufügen
Der Deutsche Wetterdienst gibt erneut eine Unwetterwarnung für einige Landkreise Brandenburgs heraus. Eisregen macht die Wege glatt - einige Busl… [+1226 chars]",,Winterwetter: Glätte-Warnung Teile Brandenburgs - Busse stehen still. Der Deutsche Wetterdienst gibt erneut eine Unwetterwarnung für einige Landkreise Brandenburgs heraus. Eisregen macht die Wege glatt - einige Buslinien wurden eingestellt.,Winter weather: slippery weather warning for parts of Brandenburg - buses are at a standstill. The German Weather Service is again issuing a severe weather warning for some districts in Brandenburg. Freezing rain makes the roads slippery - some bus routes have been suspended.,Tempestas hiemalis: tempestas lubrica admonitio partium Brandenburgensium - buses haesit. Ministerium Tempestatis Germanorum iterum in Brandenburgensibus gravibus tempestatibus monitum est. Imber glacians lubricas vias facit - nonnulli bus itineribus suspensi sunt.,2026-02-10 08:05:19+00:00
ff42a67a05c726fa723cf21b6d9ef674,2026-02-06T00:04:21Z,'Unwetterwarnung',www.stern.de,de,0.9,Winterwetter: Keine Unwetterwarnung vor Glatteis für Brandenburg mehr,Berlin/Potsdam (bb) - Die Unwetterwarnung vor Glatteis des Deutschen Wetterdiensts (DWD) ist nun für ganz Brandenburg ausgelaufen. Dort war bis zum,https://www.stern.de/gesellschaft/regional/berlin-brandenburg/winterwetter--keine-unwetterwarnung-vor-glatteis-fuer-brandenburg-mehr-37111760.html,https://image.stern.de/37111762/t/c5/v1/w1440/r1.7778/-/06--34qkno2x2kv5axs2048jpeg---99c2548a1f8a816a.jpg,http://web.archive.org/web/20260207093728/https://www.stern.de/gesellschaft/regional/berlin-brandenburg/winterwetter--keine-unwetterwarnung-vor-glatteis-fuer-brandenburg-mehr-37111760.html,"Kopiere den aktuellen Link
Zur Merkliste hinzufügen
Nun warnt der Wetterdienst auch für den Westen und Nordwesten Brandenburgs nicht mehr vor Unwettern. Glatt bleibt es trotzdem, auch in Berlin.
D… [+918 chars]",,Winterwetter: Keine Unwetterwarnung vor Glatteis für Brandenburg mehr. Berlin/Potsdam (bb) - Die Unwetterwarnung vor Glatteis des Deutschen Wetterdiensts (DWD) ist nun für ganz Brandenburg ausgelaufen. Dort war bis zum,Winter weather: No more severe weather warnings about black ice for Brandenburg. Berlin/Potsdam (bb) - The severe weather warning for black ice from the German Weather Service (DWD) has now expired for all of Brandenburg. Was there until,Tempestas hiemalis: Nulla tempestas gravioribus monitis de glacie nigra Brandenburgica. Berlin/Potsdam (bb) - Gravis tempestas admonitio glaciem nigram a Servitio Tempestatis Germanicae (DWD) iam omnibus Brandenburgensibus exspiravit. Fuit usque ad,2026-02-10 08:05:19+00:00
de5aa763b28e453819bce1514d5f1111,2026-02-06T00:04:21Z,'Unwetterwarnung',www.zeit.de,de,0.9,Winterwetter: Keine Unwetterwarnung vor Glatteis für Brandenburg mehr,Hier finden Sie Informationen zu dem Thema „Winterwetter“. Lesen Sie jetzt „Keine Unwetterwarnung vor Glatteis für Brandenburg mehr“.,https://www.zeit.de/news/2026-02/06/keine-unwetterwarnung-vor-glatteis-fuer-brandenburg-mehr,https://img.zeit.de/news/2026-02/06/keine-unwetterwarnung-vor-glatteis-fuer-brandenburg-mehr-image-group/wide__1300x731,http://web.archive.org/web/20260206012202/https://www.zeit.de/news/2026-02/06/keine-unwetterwarnung-vor-glatteis-fuer-brandenburg-mehr,Die Unwetterwarnung vor Glatteis des Deutschen Wetterdiensts (DWD) ist nun für ganz Brandenburg ausgelaufen. Dort war bis zum Donnerstagabend noch der Westen und Nordwesten des Bundeslands betroffen.… [+760 chars],,Winterwetter: Keine Unwetterwarnung vor Glatteis für Brandenburg mehr. Hier finden Sie Informationen zu dem Thema „Winterwetter“. Lesen Sie jetzt „Keine Unwetterwarnung vor Glatteis für Brandenburg mehr“.,Winter weather: No more severe weather warnings about black ice for Brandenburg. Here you will find information on the topic of “winter weather”. Now read “No more severe weather warnings about black ice for Brandenburg”.,"Tempestas hiemalis: Nulla tempestas gravioribus monitis de glacie nigra Brandenburgica. Hic informationes invenies in argumento ""tempestatis hiemalis"". Nunc lege ""Nec graviores admonitiones tempestatis de glacie nigra Brandenburgica"".",2026-02-10 08:05:19+00:00
fcb2203921ee3b98c8cabf3ae4906b6c,2026-02-06T00:05:21Z,'Unwetter',www.tagesspiegel.de,de,0.9,Winterwetter: Keine Unwetterwarnung vor Glatteis für Brandenburg mehr,"Nun warnt der Wetterdienst auch für den Westen und Nordwesten Brandenburgs nicht mehr vor Unwettern. Glatt bleibt es trotzdem, auch in Berlin.",https://www.tagesspiegel.de/berlin/winterwetter-keine-unwetterwarnung-vor-glatteis-fur-brandenburg-mehr-15225079.html,https://www.tagesspiegel.de/images/15225078/alternates/BASE_16_9_W1400/1770336321000/winterwetter-in-sudbrandenburg.jpeg,http://web.archive.org/web/20260208110454/https://www.tagesspiegel.de/berlin/winterwetter-keine-unwetterwarnung-vor-glatteis-fur-brandenburg-mehr-15225079.html,Die Unwetterwarnung vor Glatteis des Deutschen Wetterdiensts (DWD) ist nun für ganz Brandenburg ausgelaufen. Dort war bis zum Donnerstagabend noch der Westen und Nordwesten des Bundeslands betroffen.… [+814 chars],,"Winterwetter: Keine Unwetterwarnung vor Glatteis für Brandenburg mehr. Nun warnt der Wetterdienst auch für den Westen und Nordwesten Brandenburgs nicht mehr vor Unwettern. Glatt bleibt es trotzdem, auch in Berlin.","Winter weather: No more severe weather warnings about black ice for Brandenburg. The weather service is now no longer warning of storms for the west and northwest of Brandenburg. Things still remain smooth, even in Berlin.","Tempestas hiemalis: Nulla tempestas gravioribus monitis de glacie nigra Brandenburgica. Tempestas religio iam non iam tempestates observavit ad occidentem et chorum Brandenburgicum. Res adhuc laeves, etiam in Berlin.",2026-02-10 08:05:19+00:00
fdbf8f4373fa5031268c07564b0e4e6c,2026-02-06T01:15:57Z,'Unwetterwarnung',www.morgenpost.de,de,0.9,Glatteis am Freitag: Unwetterwarnung aufgehoben – gefährlich bleibt es trotzdem,Die Unwetterwarnung für Brandenburg und Berlin ist nun überall aufgehoben. Trotzdem könnte es lokal wieder gefrierenden Regen geben.,https://www.morgenpost.de/berlin/article411128910/glatteis-am-freitag-unwetterwarnung-aufgehoben-gefaehrlich-bleibt-es-trotzdem.html,https://img.sparknews.funkemedien.de/411128951/411128951_1770340544_v16_9_1600.jpeg,,Auch für Freitag warnt der Deutsche Wetterdienst (DWD) vor örtlich auftretendem Glatteis und gefrierendem Regen in Berlin und Brandenburg. Zwar ist in der Nacht zum Freitag die Unwetterwarnung vor Gl… [+2352 chars],,Glatteis am Freitag: Unwetterwarnung aufgehoben – gefährlich bleibt es trotzdem. Die Unwetterwarnung für Brandenburg und Berlin ist nun überall aufgehoben. Trotzdem könnte es lokal wieder gefrierenden Regen geben.,"Black ice on Friday: severe weather warning lifted - it still remains dangerous. The severe weather warning for Brandenburg and Berlin has now been lifted everywhere. Nevertheless, there could be freezing rain locally again.",Nigra glacies in Veneris die: saevae tempestates admonitio sustulit - periculosum adhuc manet. Gravis tempestas Brandenburgica et Berolini ubique iam elevata est. Nihilominus non potuit iterum localiter torpore pluviali.,2026-02-10 08:05:19+00:00
619ce2a16aef0b5e3cb31e8e14b730de,2026-02-06T02:30:07Z,'Unwetter',www.stern.de,de,0.9,Vorhersage: Wetterdienst warnt vor Glatteis und Eisregen im Nordosten,"Das Winterwetter hat vor allem Berlin, Brandenburg und Vorpommern im Griff. Blitzeis legte den Flughafen BER lahm, auf der A10 gab es einen Massen-Crash. Auch am Freitag herrscht Unwetter-Gefahr.",https://www.stern.de/panorama/vorhersage--wetterdienst-warnt-vor-glatteis-und-eisregen-im-nordosten-37111860.html,https://image.stern.de/37111862/t/Ap/v1/w1440/r1.7778/-/06--kyt6aauentv4axs2048jpeg---aa60a9ebcdd568a9.jpg,,"Kopiere den aktuellen Link
Zur Merkliste hinzufügen
Das Winterwetter hat vor allem Berlin, Brandenburg und Vorpommern im Griff. Blitzeis legte den Flughafen BER lahm, auf der A10 gab es einen Masse… [+2208 chars]",,"Vorhersage: Wetterdienst warnt vor Glatteis und Eisregen im Nordosten. Das Winterwetter hat vor allem Berlin, Brandenburg und Vorpommern im Griff. Blitzeis legte den Flughafen BER lahm, auf der A10 gab es einen Massen-Crash. Auch am Freitag herrscht Unwetter-Gefahr.","Forecast: Weather service warns of black ice and freezing rain in the northeast. The winter weather is particularly affecting Berlin, Brandenburg and Western Pomerania. Lightning ice paralyzed BER airport and there was a mass crash on the A10. There is also a risk of severe weather on Friday.","Praedictio: Tempestas admonet glaciem nigram et imbrem frigidum in septentriones. Tempestas hiemalis maxime afficit Berolinum, Brandenburgum et Pomeraniam occidentalem. Fulmen glaciei paralyticum BER aeroportus et massa fragor in A10. Est etiam periculum gravis tempestatis die Veneris.",2026-02-10 08:05:19+00:00
b3189b7c2e375406a6e721df2cbf02e9,2026-02-06T02:31:30Z,'Unwetter',www.tagesspiegel.de,de,0.9,Vorhersage: Wetterdienst warnt vor Glatteis und Eisregen im Nordosten,"Das Winterwetter hat vor allem Berlin, Brandenburg und Vorpommern im Griff. Blitzeis legte den Flughafen BER lahm, auf der A10 gab es einen Massen-Crash. Auch am Freitag herrscht Unwetter-Gefahr.",https://www.tagesspiegel.de/gesellschaft/panorama/vorhersage-wetterdienst-warnt-vor-glatteis-und-eisregen-im-nordosten-15225102.html,https://www.tagesspiegel.de/images/15225101/alternates/BASE_16_9_W1400/1770345090000/winterwetter-flughafen-berlin-brandenburg.jpeg,,"Glatte Gehwege und Straßen, Eisregen und schlechte Sicht wegen Nebels: Der Deutsche Wetterdienst (DWD) rechnet am frühen Morgen örtlich weiterhin mit überfrierendem Regen und Glatteis. Vor allem in V… [+2049 chars]",,"Vorhersage: Wetterdienst warnt vor Glatteis und Eisregen im Nordosten. Das Winterwetter hat vor allem Berlin, Brandenburg und Vorpommern im Griff. Blitzeis legte den Flughafen BER lahm, auf der A10 gab es einen Massen-Crash. Auch am Freitag herrscht Unwetter-Gefahr.","Forecast: Weather service warns of black ice and freezing rain in the northeast. The winter weather is particularly affecting Berlin, Brandenburg and Western Pomerania. Lightning ice paralyzed BER airport and there was a mass crash on the A10. There is also a risk of severe weather on Friday.","Praedictio: Tempestas admonet glaciem nigram et imbrem frigidum in septentriones. Tempestas hiemalis maxime afficit Berolinum, Brandenburgum et Pomeraniam occidentalem. Fulmen glaciei paralyticum BER aeroportus et massa fragor in A10. Est etiam periculum gravis tempestatis die Veneris.",2026-02-10 08:05:19+00:00
740a98cee84e4c652cd149008bfe56c5,2026-02-06T02:31:30Z,'Unwetterwarnung',www.tagesspiegel.de,de,0.9,Vorhersage: Unwetterwarnung im Nordosten – Flughafen BER weiter dicht,"Der Winter hat Deutschlands Nordosten im Griff. Blitzeis legt den Berliner Flughafen lahm, gebietsweise herrscht Unwetter-Gefahr.",https://www.tagesspiegel.de/gesellschaft/panorama/vorhersage-unwetterwarnung-im-nordosten--flughafen-ber-weiter-dicht-15225102.html,https://www.tagesspiegel.de/images/15225524/alternates/BASE_16_9_W1400/1770365937000/winterwetter-flughafen-berlin-brandenburg.jpeg,,"Im Nordosten Deutschlands gelten weiter Unwetterwarnungen vor gefrierendem Regen und Glatteis. Der Deutsche Wetterdienst (DWD) warnt in Berlin, Brandenburg und Mecklenburg-Vorpommern gebietsweise vor… [+2778 chars]",,"Vorhersage: Unwetterwarnung im Nordosten – Flughafen BER weiter dicht. Der Winter hat Deutschlands Nordosten im Griff. Blitzeis legt den Berliner Flughafen lahm, gebietsweise herrscht Unwetter-Gefahr.",Forecast: Severe weather warning in the northeast – BER airport remains closed. Winter has Germany's northeast under control. Lightning ice paralyzes Berlin Airport and there is a risk of severe weather in some areas.,Praedictio: Gravis tempestas in septentriones orientem - BER aeroportus clausa manet. Hiems Germaniae septentrionalem in potestate habet. Fulmen glaciei Berolinensis Airport et periculum gravis tempestatis in nonnullis locis resolutum est.,2026-02-10 08:05:19+00:00
ea6235925ddc92bb85022ca0dca25854,2026-02-06T02:31:30Z,'Unwetterwarnung',www.tagesspiegel.de,de,0.9,Vorhersage: Winterwetter führt zu Unfällen und legt Flughafen BER lahm,"Der DWD hat die Unwetterwarnung für den Nordosten Deutschlands aufgehoben, verweist aber auf „markante Glätte“. Es kommt zu mehreren Unfällen, Blitzeis legt den Berliner Flughafen lahm.",https://www.tagesspiegel.de/gesellschaft/panorama/vorhersage-winterwetter-fuhrt-zu-unfallen-und-legt-flughafen-ber-lahm-15225102.html,https://www.tagesspiegel.de/images/15225524/alternates/BASE_16_9_W1400/1770365937000/winterwetter-flughafen-berlin-brandenburg.jpeg,http://web.archive.org/web/20260207221911/https://www.tagesspiegel.de/gesellschaft/panorama/vorhersage-winterwetter-fuhrt-zu-unfallen-und-legt-flughafen-ber-lahm-15225102.html,"Glatte Gehwege und Straßen, Eisregen und schlechte Sicht: Im Nordosten Deutschlands sind die Unwetterwarnungen aufgehoben worden dennoch ist laut Deutschem Wetterdienst (DWD) markante Glätte durch ge… [+3984 chars]",,"Vorhersage: Winterwetter führt zu Unfällen und legt Flughafen BER lahm. Der DWD hat die Unwetterwarnung für den Nordosten Deutschlands aufgehoben, verweist aber auf „markante Glätte“. Es kommt zu mehreren Unfällen, Blitzeis legt den Berliner Flughafen lahm.","Forecast: Winter weather leads to accidents and paralyzes BER airport. The DWD has lifted the severe weather warning for northeastern Germany, but points to “significant slipperiness”. There are several accidents and lightning ice paralyzes Berlin Airport.","Praedictio: Tempestas hiemalis ad accidentia et torporem BER aeroportus ducit. DWD tempestatem gravem admonitionem Germaniae septentrionalis orientalis sustulit, sed ostendit ""perperitatem significatam"". Plures sunt casus et glacies fulgurum Airport Berolinensis torporem.",2026-02-10 08:05:19+00:00
09149077185d7aeaf33dbd31617d096d,2026-02-06T04:50:45Z,'Unwetterwarnung',www.tagesspiegel.de,de,0.9,Glatteis und Eisregen im Nordosten: Wetterdienst warnt weiterhin – Lage soll sich aber entspannen,"Das Winterwetter hat vor allem Berlin, Brandenburg und Vorpommern im Griff. Gebietsweise sind noch Unwetter möglich. Allerdings sollen sich die Bedingungen bessern.",https://www.tagesspiegel.de/gesellschaft/panorama/glatteis-und-eisregen-im-nordosten-wetterdienst-warnt-weiterhin--lage-soll-sich-aber-entspannen-15225206.html,https://www.tagesspiegel.de/images/15225207/alternates/BASE_16_9_W1400/1770353123000/winterwetter-in-leipzig.jpeg,http://web.archive.org/web/20260207142532/https://www.tagesspiegel.de/gesellschaft/panorama/glatteis-und-eisregen-im-nordosten-wetterdienst-warnt-weiterhin--lage-soll-sich-aber-entspannen-15225206.html,"Glatte Gehwege und Straßen, Eisregen und schlechte Sicht wegen Nebels: Der Deutsche Wetterdienst (DWD) rechnet örtlich weiterhin mit überfrierendem Regen und Glatteis. Vor allem in Vorpommern seien g… [+1631 chars]",,"Glatteis und Eisregen im Nordosten: Wetterdienst warnt weiterhin – Lage soll sich aber entspannen. Das Winterwetter hat vor allem Berlin, Brandenburg und Vorpommern im Griff. Gebietsweise sind noch Unwetter möglich. Allerdings sollen sich die Bedingungen bessern.","Black ice and freezing rain in the northeast: the weather service continues to warn - but the situation should ease. The winter weather is particularly affecting Berlin, Brandenburg and Western Pomerania. Storms are still possible in some areas. However, conditions are expected to improve.","Nigra glacies et bruma ad septentriones spectant: ser- mones pergit tempestas - sed condicio lenire debet. Tempestas hiemalis maxime afficit Berolinum, Brandenburgum et Pomeraniam occidentalem. Tempestates in nonnullis locis adhuc possibilia sunt. Sed condimentum sit amet elit.",2026-02-10 20:05:52+00:00
b28ab9538b7b0fd4325c7ebd0591d813,2026-02-06T05:05:33Z,'Unwetterwarnung',www.zeit.de,de,0.9,Wetter: Unwetterwarnung vor Glätte in Mecklenburg-Vorpommern,Hier finden Sie Informationen zu dem Thema „Wetter“. Lesen Sie jetzt „Unwetterwarnung vor Glätte in Mecklenburg-Vorpommern“.,https://www.zeit.de/news/2026-02/06/unwetterwarnung-vor-glaette-in-mecklenburg-vorpommern,https://img.zeit.de/news/2026-02/06/unwetterwarnung-vor-glaette-in-mecklenburg-vorpommern-image-group/wide__1300x731,http://web.archive.org/web/20260206053907/https://www.zeit.de/news/2026-02/06/unwetterwarnung-vor-glaette-in-mecklenburg-vorpommern,Der Deutsche Wetterdienst (DWD) warnt in Mecklenburg-Vorpommern gebietsweise vor einer hohen Glättegefahr durch gefrierenden Regen und Eisansatz. Besonders betroffen sind die Gebiete Kreis Rostock bi… [+1934 chars],,Wetter: Unwetterwarnung vor Glätte in Mecklenburg-Vorpommern. Hier finden Sie Informationen zu dem Thema „Wetter“. Lesen Sie jetzt „Unwetterwarnung vor Glätte in Mecklenburg-Vorpommern“.,Weather: Severe weather warning of slippery conditions in Mecklenburg-Western Pomerania. Here you will find information on the topic of “weather”. Now read “Severe weather warning of slippery conditions in Mecklenburg-Western Pomerania”.,"Tempestas: Gravis tempestas monita condiciones lubricae in Mecklenburg-Pomeraniae occidentalis. Hic informationes invenies in argumento ""tempestatis"". Nunc legitur ""Tempestas saeva monita condiciones lubricae in Mecklenburg-Western Pomerania"".",2026-02-10 20:05:52+00:00
175083dfaf485dbf7e7fef8f68dd35a8,2026-02-06T05:05:33Z,'Unwetterwarnung',www.stern.de,de,0.9,Wetter: Unwetterwarnung vor Glätte in Mecklenburg-Vorpommern,Vorsicht auf den Straßen: Der DWD meldet für Teile Mecklenburg-Vorpommerns hohe Glättegefahr. Welche Landkreise besonders betroffen sind und worauf Autofahrer jetzt achten müssen.,https://www.stern.de/gesellschaft/regional/mecklenburg-vorpommern/wetter--unwetterwarnung-vor-glaette-in-mecklenburg-vorpommern-37112072.html,https://image.stern.de/37112074/t/Zi/v1/w1440/r1.7778/-/06--geroomeaezv2axs2048jpeg---ffa3b9cbc4fa95b3.jpg,http://web.archive.org/web/20260206055038/https://www.stern.de/gesellschaft/regional/mecklenburg-vorpommern/wetter--unwetterwarnung-vor-glaette-in-mecklenburg-vorpommern-37112072.html,"Kopiere den aktuellen Link
Zur Merkliste hinzufügen
Vorsicht auf den Straßen: Der DWD meldet für Teile Mecklenburg-Vorpommerns hohe Glättegefahr. Welche Landkreise besonders betroffen sind und wora… [+2129 chars]",,Wetter: Unwetterwarnung vor Glätte in Mecklenburg-Vorpommern. Vorsicht auf den Straßen: Der DWD meldet für Teile Mecklenburg-Vorpommerns hohe Glättegefahr. Welche Landkreise besonders betroffen sind und worauf Autofahrer jetzt achten müssen.,Weather: Severe weather warning of slippery conditions in Mecklenburg-Western Pomerania. Be careful on the roads: The DWD reports a high risk of slippery roads for parts of Mecklenburg-Western Pomerania. Which districts are particularly affected and what drivers need to pay attention to now.,Tempestas: Gravis tempestas monita condiciones lubricae in Mecklenburg-Pomeraniae occidentalis. De itineribus observa: The DWD refert magnum periculum viae lubricae ad partes Pomeraniae Mecklenburgo-Western. Quae regiones praecipue afficiuntur et quibus rectoribus opus est nunc attendere.,2026-02-10 20:05:52+00:00
28e4e15599681974d65e9e1dbb8f4a0d,2026-02-06T06:09:06Z,'Unwetter',www.stern.de,de,0.9,Kälte: Glatteis: Unwetterwarnung für Berlin und Teile Brandenburgs,Berlin (bb) - Wegen Glatteises hat der Deutsche Wetterdienst (DWD) für Berlin und Teile Brandenburgs für den Morgen eine Unwetterwarnung herausgegeben. Es,https://www.stern.de/gesellschaft/regional/berlin-brandenburg/kaelte--glatteis--unwetterwarnung-fuer-berlin-und-teile-brandenburgs-37112180.html,https://image.stern.de/37112182/t/FQ/v1/w1440/r1.7778/-/06--tns6nu6vjvv4axs2048jpeg---e461108e3db94825.jpg,http://web.archive.org/web/20260206084946/https://www.stern.de/gesellschaft/regional/berlin-brandenburg/kaelte--glatteis--unwetterwarnung-fuer-berlin-und-teile-brandenburgs-37112180.html,"Kopiere den aktuellen Link
Zur Merkliste hinzufügen
Bereits am Donnerstag warnten Meteorologen vor spiegelglatten Straßen. Für Berlin und Brandenburg gibt es nun erneut eine Warnung.
Wegen Glattei… [+584 chars]",,Kälte: Glatteis: Unwetterwarnung für Berlin und Teile Brandenburgs. Berlin (bb) - Wegen Glatteises hat der Deutsche Wetterdienst (DWD) für Berlin und Teile Brandenburgs für den Morgen eine Unwetterwarnung herausgegeben. Es,"Cold: Black ice: Severe weather warning for Berlin and parts of Brandenburg. Berlin (bb) - Due to black ice, the German Weather Service (DWD) has issued a severe weather warning for Berlin and parts of Brandenburg for the morning. It",Frigida: Nigra glacies: Gravis tempestas ad Berolinum et partes Brandenburgenses monitum est. Berlin (bb) - Ob nigram glaciem servitii Tempestatis Germanicae (DWD) gravibus tempestatibus Berolini et partibus Brandenburgensibus mane monitus est. It,2026-02-10 20:05:52+00:00
decdb513f4eb27efdfdf60efcee34c27,2026-02-06T06:09:06Z,'Unwetterwarnung',www.zeit.de,de,0.9,Kälte: Glatteis: Unwetterwarnung für Berlin und Teile Brandenburgs,Hier finden Sie Informationen zu dem Thema „Kälte“. Lesen Sie jetzt „Glatteis: Unwetterwarnung für Berlin und Teile Brandenburgs“.,https://www.zeit.de/news/2026-02/06/glatteis-unwetterwarnung-fuer-berlin-und-teile-brandenburgs,https://img.zeit.de/news/2026-02/06/glatteis-unwetterwarnung-fuer-berlin-und-teile-brandenburgs-image-group/wide__1300x731,http://web.archive.org/web/20260206064057/https://www.zeit.de/news/2026-02/06/glatteis-unwetterwarnung-fuer-berlin-und-teile-brandenburgs,Wegen Glatteises hat der Deutsche Wetterdienst (DWD) für Berlin und Teile Brandenburgs für den Morgen eine Unwetterwarnung herausgegeben. Es bestehe Gefahr für Leib und Leben durch plötzlich gefriere… [+438 chars],,Kälte: Glatteis: Unwetterwarnung für Berlin und Teile Brandenburgs. Hier finden Sie Informationen zu dem Thema „Kälte“. Lesen Sie jetzt „Glatteis: Unwetterwarnung für Berlin und Teile Brandenburgs“.,Cold: Black ice: Severe weather warning for Berlin and parts of Brandenburg. Here you will find information on the topic of “cold”. Read “Black ice: severe weather warning for Berlin and parts of Brandenburg” now.,"Frigida: Nigra glacies: Gravis tempestas ad Berolinum et partes Brandenburgenses monitum est. Hic informationes invenies in argumento ""frigus"". Lege ""Nigrum glaciem: tempestas gravis pro Berolini et partibus Brandenburgensibus"" nunc monitum est.",2026-02-10 20:05:52+00:00
555c8e81e8a05697c768c78208d3b996,2026-02-06T06:10:23Z,'Unwetterwarnung',www.tagesspiegel.de,de,0.9,Kälte: Glatteis: Unwetterwarnung für Berlin und Teile Brandenburgs,Bereits am Donnerstag warnten Meteorologen vor spiegelglatten Straßen. Für Berlin und Brandenburg gibt es nun erneut eine Warnung.,https://www.tagesspiegel.de/berlin/kalte-glatteis-unwetterwarnung-fur-berlin-und-teile-brandenburgs-15225269.html,https://www.tagesspiegel.de/images/15225268/alternates/BASE_16_9_W1400/1770358222000/winterwetter-in-berlin.jpeg,,Wegen Glatteises hat der Deutsche Wetterdienst (DWD) für Berlin und Teile Brandenburgs für den Morgen eine Unwetterwarnung herausgegeben. Es bestehe Gefahr für Leib und Leben durch plötzlich gefriere… [+492 chars],,Kälte: Glatteis: Unwetterwarnung für Berlin und Teile Brandenburgs. Bereits am Donnerstag warnten Meteorologen vor spiegelglatten Straßen. Für Berlin und Brandenburg gibt es nun erneut eine Warnung.,Cold: Black ice: Severe weather warning for Berlin and parts of Brandenburg. Meteorologists warned of slippery roads as early as Thursday. There is now another warning for Berlin and Brandenburg.,Frigida: Nigra glacies: Gravis tempestas ad Berolinum et partes Brandenburgenses monitum est. Meteorologi monuerunt de via lubrica quam primum Iovis. Est nunc alia admonitio Berolinensi et Brandenburgici.,2026-02-10 20:05:52+00:00
6fbcfab5a0ac57970be1517ff1e11506,2026-02-06T06:36:37Z,'Unwetterwarnung',www.zeit.de,de,0.9,Unwetterwarnung: Nasses Winterwetter bestimmt das Wochenende,Hier finden Sie Informationen zu dem Thema „Unwetterwarnung“. Lesen Sie jetzt „Nasses Winterwetter bestimmt das Wochenende“.,https://www.zeit.de/news/2026-02/06/nasses-winterwetter-bestimmt-das-wochenende,https://img.zeit.de/news/2026-02/06/nasses-winterwetter-bestimmt-das-wochenende-image-group/wide__1300x731,,Auch zum Ende der Woche lässt das ungemütliche Winterwetter Berlin und Brandenburg nicht los. Schnee und Regen in Verbindung mit Werten um den Gefrierpunkt sorgen laut Deutschem Wetterdienst (DWD) we… [+998 chars],,Unwetterwarnung: Nasses Winterwetter bestimmt das Wochenende. Hier finden Sie Informationen zu dem Thema „Unwetterwarnung“. Lesen Sie jetzt „Nasses Winterwetter bestimmt das Wochenende“.,Severe weather warning: Wet winter weather will dominate the weekend. Here you will find information on the topic of “severe weather warnings”. Read “Wet winter weather dominates the weekend” now.,"Tempestas gravis admonetur: tempestas infectum hiems volutpat dominabitur. Hic informationes invenies in argumento ""gravium tempestatum monitorum"". Lege ""Humida tempestas hiemis dominatur auctor"" nunc.",2026-02-10 20:05:52+00:00
2c228dd5a4b6e859e8633a6693341dca,2026-02-06T06:36:37Z,'Unwetterwarnung',www.stern.de,de,0.9,Unwetterwarnung: Nasses Winterwetter bestimmt das Wochenende,"Schnee, Schneegriesel und Schneeregen: Niederschlag in all seinen Facetten erwartet die Menschen in den nächsten Tagen. Dabei wird es nahezu überall in Berlin und Brandenburg gefährlich glatt.",https://www.stern.de/gesellschaft/regional/berlin-brandenburg/unwetterwarnung--nasses-winterwetter-bestimmt-das-wochenende-37112204.html,https://image.stern.de/37112206/t/D2/v1/w1440/r1.7778/-/06--d5bcee2hxqv20axs2048jpeg---d34ebf9563d67d52.jpg,http://web.archive.org/web/20260207031547/https://www.stern.de/gesellschaft/regional/berlin-brandenburg/unwetterwarnung--nasses-winterwetter-bestimmt-das-wochenende-37112204.html,"Kopiere den aktuellen Link
Zur Merkliste hinzufügen
Schnee, Schneegriesel und Schneeregen: Niederschlag in all seinen Facetten erwartet die Menschen in den nächsten Tagen. Dabei wird es nahezu über… [+1206 chars]",,"Unwetterwarnung: Nasses Winterwetter bestimmt das Wochenende. Schnee, Schneegriesel und Schneeregen: Niederschlag in all seinen Facetten erwartet die Menschen in den nächsten Tagen. Dabei wird es nahezu überall in Berlin und Brandenburg gefährlich glatt.","Severe weather warning: Wet winter weather will dominate the weekend. Snow, snow grit and sleet: precipitation in all its facets awaits people in the next few days. It becomes dangerously slippery almost everywhere in Berlin and Brandenburg.","Tempestas gravis admonetur: tempestas infectum hiems volutpat dominabitur. Nix, nix grisea et sleet: praecipitatio in omnibus suis facets homines proximos dies expectat. Periculose lubrica fere ubique in Berlin et Brandenburg.",2026-02-10 20:05:52+00:00
942630c4535831294cc65fef5b78b1c7,2026-02-06T06:37:40Z,'Unwetterwarnung',www.tagesspiegel.de,de,0.9,Unwetterwarnung: Nasses Winterwetter bestimmt das Wochenende,"Schnee, Schneegriesel und Schneeregen: Niederschlag in all seinen Facetten erwartet die Menschen in den nächsten Tagen. Dabei wird es nahezu überall in Berlin und Brandenburg gefährlich glatt.",https://www.tagesspiegel.de/berlin/unwetterwarnung-nasses-winterwetter-bestimmt-das-wochenende-15225307.html,https://www.tagesspiegel.de/images/15225306/alternates/BASE_16_9_W1400/1770359860000/winter-in-berlin.jpeg,http://web.archive.org/web/20260207221129/https://www.tagesspiegel.de/berlin/unwetterwarnung-nasses-winterwetter-bestimmt-das-wochenende-15225307.html,Auch zum Ende der Woche lässt das ungemütliche Winterwetter Berlin und Brandenburg nicht los. Schnee und Regen in Verbindung mit Werten um den Gefrierpunkt sorgen laut Deutschem Wetterdienst (DWD) we… [+1052 chars],,"Unwetterwarnung: Nasses Winterwetter bestimmt das Wochenende. Schnee, Schneegriesel und Schneeregen: Niederschlag in all seinen Facetten erwartet die Menschen in den nächsten Tagen. Dabei wird es nahezu überall in Berlin und Brandenburg gefährlich glatt.","Severe weather warning: Wet winter weather will dominate the weekend. Snow, snow grit and sleet: precipitation in all its facets awaits people in the next few days. It becomes dangerously slippery almost everywhere in Berlin and Brandenburg.","Tempestas gravis admonetur: tempestas infectum hiems volutpat dominabitur. Nix, nix grisea et sleet: praecipitatio in omnibus suis facets homines proximos dies expectat. Periculose lubrica fere ubique in Berlin et Brandenburg.",2026-02-10 20:05:52+00:00
381562a7a8772d1a80bf1f24ce85cfca,2026-02-06T08:18:37Z,'Unwetterwarnung',www.zeit.de,de,0.9,Vorhersage: Unwetterwarnung im Nordosten – Flughafen BER weiter dicht,Hier finden Sie Informationen zu dem Thema „Vorhersage“. Lesen Sie jetzt „Unwetterwarnung im Nordosten – Flughafen BER weiter dicht“.,https://www.zeit.de/news/2026-02/06/unwetterwarnung-im-nordosten-flughafen-ber-weiter-dicht,https://img.zeit.de/news/2026-02/06/unwetterwarnung-im-nordosten-flughafen-ber-weiter-dicht-image-group/wide__1300x731,http://web.archive.org/web/20260210022535/https://www.zeit.de/news/2026-02/06/unwetterwarnung-im-nordosten-flughafen-ber-weiter-dicht,"Im Nordosten Deutschlands gelten weiter Unwetterwarnungen vor gefrierendem Regen und Glatteis. Der Deutsche Wetterdienst (DWD) warnt in Berlin, Brandenburg und Mecklenburg-Vorpommern gebietsweise vor… [+2721 chars]",,Vorhersage: Unwetterwarnung im Nordosten – Flughafen BER weiter dicht. Hier finden Sie Informationen zu dem Thema „Vorhersage“. Lesen Sie jetzt „Unwetterwarnung im Nordosten – Flughafen BER weiter dicht“.,Forecast: Severe weather warning in the northeast – BER airport remains closed. Here you will find information on the topic of “prediction”. Now read “Severe weather warning in the northeast – BER airport remains closed”.,"Praedictio: Gravis tempestas in septentriones orientem - BER aeroportus clausa manet. Hic informationes invenies in argumento ""praedictionis"". Nunc lege ""Tempestas saeva monita in septentriones - BER aeroportus clausa manet"".",2026-02-10 20:05:52+00:00
9e8ba0a06486e51f561c2b8927d8ea02,2026-02-06T08:18:37Z,'Unwetter',www.stern.de,de,0.9,Vorhersage: Unwetterwarnung im Nordosten – Flughafen BER weiter dicht,Offenbach/Berlin - Im Nordosten Deutschlands gelten weiter Unwetterwarnungen vor gefrierendem Regen und Glatteis. Der Deutsche Wetterdienst (DWD) warnt,https://www.stern.de/news/vorhersage--unwetterwarnung-im-nordosten---flughafen-ber-weiter-dicht-37112272.html,https://image.stern.de/37112446/t/UJ/v1/w1440/r1.7778/-/06--qecn36gkm7v1axs2048jpeg---643e9b9cfa59cffe.jpg,http://web.archive.org/web/20260207050123/https://www.stern.de/news/vorhersage--unwetterwarnung-im-nordosten---flughafen-ber-weiter-dicht-37112272.html,"Kopiere den aktuellen Link
Zur Merkliste hinzufügen
Der Winter hat Deutschlands Nordosten im Griff. Blitzeis legt den Berliner Flughafen lahm, gebietsweise herrscht Unwetter-Gefahr.
Im Nordosten D… [+2867 chars]",,Vorhersage: Unwetterwarnung im Nordosten – Flughafen BER weiter dicht. Offenbach/Berlin - Im Nordosten Deutschlands gelten weiter Unwetterwarnungen vor gefrierendem Regen und Glatteis. Der Deutsche Wetterdienst (DWD) warnt,Forecast: Severe weather warning in the northeast – BER airport remains closed. Offenbach/Berlin - Severe weather warnings for freezing rain and black ice continue to apply in northeastern Germany. The German Weather Service (DWD) warns,Praedictio: Gravis tempestas in septentriones orientem - BER aeroportus clausa manet. Offenbach/Berlin - Monita tempestatum asperae pluviae congelatae et glaciem nigram in Germania septentrionali septentrionali pergunt adhibere. The German Weather Service (DWD) monet,2026-02-10 20:05:52+00:00
cc43cca457c981cb5c0955043f963ec9,2026-02-06T09:57:27Z,'Unwetterwarnung',www.zeit.de,de,0.9,Unwetterwarnung aufgehoben: Vorübergehende Entspannung - aber neues Glatteis droht,Hier finden Sie Informationen zu dem Thema „Unwetterwarnung aufgehoben“. Lesen Sie jetzt „Vorübergehende Entspannung - aber neues Glatteis droht“.,https://www.zeit.de/news/2026-02/06/voruebergehende-entspannung-aber-neues-glatteis-droht,https://img.zeit.de/news/2026-02/06/voruebergehende-entspannung-aber-neues-glatteis-droht-image-group/wide__1300x731,http://web.archive.org/web/20260206101012/https://www.zeit.de/news/2026-02/06/voruebergehende-entspannung-aber-neues-glatteis-droht,Der Deutsche Wetterdienst (DWD) hat die Unwetterwarnungen wegen Glatteis aufgehoben. Dennoch bleibt es brenzlig auf den Straßen. Es werde weiterhin vor Glatteis - «Stufe markant» - in weiten Teilen v… [+407 chars],,Unwetterwarnung aufgehoben: Vorübergehende Entspannung - aber neues Glatteis droht. Hier finden Sie Informationen zu dem Thema „Unwetterwarnung aufgehoben“. Lesen Sie jetzt „Vorübergehende Entspannung - aber neues Glatteis droht“.,Storm warning lifted: temporary relief - but new black ice threatens. Here you will find information on the topic “Severe weather warning lifted”. Now read “Temporary relaxation - but new black ice threatens”.,"Tempestas monitus levavit: tempus levamen - sed nova nigra glacies minatur. Hic informationes invenies in argumento ""Graves tempestates admonitio sublata"". Nunc lege ""Relaxatio temporalis - sed nova minatur glacies nigra"".",2026-02-10 20:05:52+00:00
df13a0cd6b07e7e2cf130f795bc2db4f,2026-02-06T09:57:27Z,'Unwetter',www.stern.de,de,0.9,Unwetterwarnung aufgehoben: Vorübergehende Entspannung - aber neues Glatteis droht,Berlin (bb) - Der Deutsche Wetterdienst (DWD) hat die Unwetterwarnungen wegen Glatteis aufgehoben. Dennoch bleibt es brenzlig auf den Straßen. Es werde,https://www.stern.de/gesellschaft/regional/berlin-brandenburg/unwetterwarnung-aufgehoben--voruebergehende-entspannung---aber-neues-glatteis-droht-37112786.html,https://image.stern.de/37112788/t/Yr/v1/w1440/r1.7778/-/06--2mbi4bffkiv11axs2048jpeg---3bda00c01065acf8.jpg,,"Kopiere den aktuellen Link
Zur Merkliste hinzufügen
Die Unwetterwarnung ist aufgehoben, dennoch ist das Glatteis-Risiko in Berlin und Brandenburg noch nicht vorbei.
Der Deutsche Wetterdienst (DWD)… [+535 chars]",,Unwetterwarnung aufgehoben: Vorübergehende Entspannung - aber neues Glatteis droht. Berlin (bb) - Der Deutsche Wetterdienst (DWD) hat die Unwetterwarnungen wegen Glatteis aufgehoben. Dennoch bleibt es brenzlig auf den Straßen. Es werde,"Storm warning lifted: temporary relief - but new black ice threatens. Berlin (bb) - The German Weather Service (DWD) has lifted the severe weather warnings due to black ice. However, things remain dicey on the streets. It will",Tempestas monitus levavit: tempus levamen - sed nova nigra glacies minatur. Berlin (bb) - Tempestas Service Germanica (DWD) gravibus tempestatibus monita per glaciem nigram sustulit. Sed res manent dicey in plateis. Non vult,2026-02-10 20:05:52+00:00
37bfe6794f0343aad47e9966cb06b93e,2026-02-06T09:58:29Z,'Unwetterwarnung',www.tagesspiegel.de,de,0.9,Unwetterwarnung aufgehoben: Vorübergehende Entspannung - aber neues Glatteis droht,"Die Unwetterwarnung ist aufgehoben, dennoch ist das Glatteis-Risiko in Berlin und Brandenburg noch nicht vorbei.",https://www.tagesspiegel.de/berlin/unwetterwarnung-aufgehoben-vorubergehende-entspannung-aber-neues-glatteis-droht-15225982.html,https://www.tagesspiegel.de/images/15225981/alternates/BASE_16_9_W1400/1770371909000/winterwetter-in-berlin.jpeg,http://web.archive.org/web/20260208075153/https://www.tagesspiegel.de/berlin/unwetterwarnung-aufgehoben-vorubergehende-entspannung-aber-neues-glatteis-droht-15225982.html,Der Deutsche Wetterdienst (DWD) hat die Unwetterwarnungen wegen Glatteis aufgehoben. Dennoch bleibt es brenzlig auf den Straßen. Es werde weiterhin vor Glatteis - Stufe markant - in weiten Teilen von… [+457 chars],,"Unwetterwarnung aufgehoben: Vorübergehende Entspannung - aber neues Glatteis droht. Die Unwetterwarnung ist aufgehoben, dennoch ist das Glatteis-Risiko in Berlin und Brandenburg noch nicht vorbei.","Storm warning lifted: temporary relief - but new black ice threatens. The severe weather warning has been lifted, but the risk of black ice in Berlin and Brandenburg is not yet over.","Tempestas monitus levavit: tempus levamen - sed nova nigra glacies minatur. Gravis tempestas allata est, sed periculum glaciei nigrae in Berlin et Brandenburg nondum transiit.",2026-02-10 20:05:52+00:00
183569b6d6112d36c7b270b1114278f1,2026-02-05T09:52:27Z,'Stromausfall',www.zeit.de,de,0.9,Strom und Internet ausgefallen: Polizei: Größerer Stromausfall in Stuttgart - Ursache unklar,Hier finden Sie Informationen zu dem Thema „Strom und Internet ausgefallen“. Lesen Sie jetzt „Polizei: Größerer Stromausfall in Stuttgart - Ursache unklar“.,https://www.zeit.de/news/2026-02/05/polizei-groesserer-stromausfall-in-stuttgart-ursache-unklar,https://img.zeit.de/news/2026-02/05/polizei-groesserer-stromausfall-in-stuttgart-ursache-unklar-image-group/wide__1300x731,,"Im Stadtgebiet von Stuttgart gibt es einen größeren Stromausfall. Wie die Polizei mitteilte, sind auch einige Ampeln ausgefallen. Man habe Streifenbesatzungen losgeschickt, um den Verkehr zu regeln, … [+1220 chars]",,Strom und Internet ausgefallen: Polizei: Größerer Stromausfall in Stuttgart - Ursache unklar. Hier finden Sie Informationen zu dem Thema „Strom und Internet ausgefallen“. Lesen Sie jetzt „Polizei: Größerer Stromausfall in Stuttgart - Ursache unklar“.,Power and internet outage: Police: Major power outage in Stuttgart - cause unclear. Here you will find information on the topic of “power and internet outages”. Now read “Police: Major power outage in Stuttgart - cause unclear”.,"Potentia et upgrade interrete: Police: Maior potestas eu in Stuttgart - causa obscura. Hic informationes invenies in argumento ""potentiae et interrete outages"". Nunc lege ""Polici: maior potestas eu in Stuttgart causa obscura"".",2026-02-12 14:16:33+00:00
7ce1e377d6fb596076b19230c8b21182,2026-02-05T12:50:36Z,'Stromausfall',www.zeit.de,de,0.9,"Internet und Telefon weg: Kleines Flackern, große Folgen – Stromausfall in Stuttgart","Hier finden Sie Informationen zu dem Thema „Internet und Telefon weg“. Lesen Sie jetzt „Kleines Flackern, große Folgen – Stromausfall in Stuttgart“.",https://www.zeit.de/news/2026-02/05/netzbetreiber-schliesst-fremdeinwirkung-auf-stromnetz-aus,https://img.zeit.de/news/2026-02/05/netzbetreiber-schliesst-fremdeinwirkung-auf-stromnetz-aus-image-group/wide__1300x731,http://web.archive.org/web/20260205130624/https://www.zeit.de/news/2026-02/05/netzbetreiber-schliesst-fremdeinwirkung-auf-stromnetz-aus,Es ist kurz vor zehn Uhr am Morgen als in Stuttgart in Cafés und Geschäften kurz die Lichter flackern und in Büros auf einen Schlag das Internet ausfällt. Auf den Straßen hat der kurzzeitige Stromaus… [+3187 chars],,"Internet und Telefon weg: Kleines Flackern, große Folgen – Stromausfall in Stuttgart. Hier finden Sie Informationen zu dem Thema „Internet und Telefon weg“. Lesen Sie jetzt „Kleines Flackern, große Folgen – Stromausfall in Stuttgart“.","Internet and telephone gone: Small flicker, big consequences – power outage in Stuttgart. Here you will find information on the topic “Internet and telephone gone”. Now read “Small flickering, big consequences – power outage in Stuttgart”.","Interrete et telephonia abierunt: Parvus vibrat, magnae consecutiones - potentia eu in Stuttgart. Hic informationes invenies in themate ""Internet et telephonica gesta"". Nunc legitur ""Parvus micans, magnae consequentiae - eu in Stuttgart potentia"".",2026-02-12 14:16:33+00:00
